entry_date,exit_date,type,entry_price,exit_price,position_size,gross_pnl,commission,net_pnl,exit_reason,holding_days,risk_amount,stock
2008-04-01,2008-04-02,short,101.59141147980279,103.97431420458683,876,-2087.422786910824,270.113363549288,-2357.536150460112,stop_loss,1,2000.0,ASIAN_PAINTS
2008-04-02,2008-04-08,short,101.59141147980279,100.42740550286388,660,768.2439447796804,199.99862881284,568.2453159668404,stop_loss,6,1952.8492769907978,ASIAN_PAINTS
2008-04-21,2008-04-25,short,104.12493334736013,104.39657764393621,1657,-450.1145994265725,518.2802155688671,-968.3948149954397,stop_loss,4,1964.2141833101343,ASIAN_PAINTS
2008-04-28,2008-04-29,short,104.88497993778056,105.66334032147495,2866,-2230.780859668125,905.1472287945394,-3135.928088462664,stop_loss,1,1944.8462870102258,ASIAN_PAINTS
2008-04-29,2008-04-30,short,104.88497993778056,106.66832351292324,1118,-1993.7781170095168,354.7748898868303,-2348.553006896347,stop_loss,1,1882.1277252409725,ASIAN_PAINTS
2008-06-19,2008-06-23,short,110.2633046449594,108.48942610724187,872,1546.8220848896915,286.12857182387927,1260.693513065812,stop_loss,4,1835.1566651030455,ASIAN_PAINTS
2008-07-16,2008-07-25,long,85.75291329232982,94.83650974197221,3038,27595.966014013567,822.9460007673143,26773.020013246252,stop_loss,9,1860.3705353643618,ASIAN_PAINTS
2008-08-12,2008-08-13,short,105.89542143034365,107.46767761053283,1627,-2558.060805167805,520.7126432092591,-3078.773448377064,stop_loss,1,2395.8309356292866,ASIAN_PAINTS
2008-09-22,2008-09-29,long,99.77629317599916,99.94945715119165,823,142.51395158342297,246.56143877891705,-104.04748719549409,stop_loss,7,2334.2554666617457,ASIAN_PAINTS
2008-09-30,2008-10-03,long,97.3666795576484,99.10228862717636,2022,3509.4015385855505,595.8903805045735,2913.511158080977,stop_loss,3,2332.1745169178357,ASIAN_PAINTS
2008-10-06,2008-10-07,long,97.3666795576484,92.707906480269,524,-2441.197092546802,149.39862462580308,-2590.5957171726054,stop_loss,1,2390.444740079455,ASIAN_PAINTS
2008-10-16,2008-10-20,long,81.82348743842304,80.3704042918113,361,-524.5630159268404,87.8279923719219,-612.3910082987624,stop_loss,4,2338.6328257360033,ASIAN_PAINTS
2008-10-27,2008-11-03,long,75.77820570262396,81.38495078387237,423,2371.6531693680754,99.72002279068194,2271.9331465773935,stop_loss,7,2326.3850055700277,ASIAN_PAINTS
2009-01-14,2009-01-16,short,78.46183355790323,80.52169281396067,1204,-2480.070544293153,287.1242486275862,-2767.194792920739,stop_loss,2,2371.823668501576,ASIAN_PAINTS
2009-01-16,2009-01-21,short,78.80482315920692,80.10153820592588,1082,-1403.045680549913,257.9050244956105,-1660.9507050455236,stop_loss,5,2316.4797726431607,ASIAN_PAINTS
2009-01-27,2009-01-28,long,71.61176884433067,68.16284464246701,681,-2348.7173814691537,142.77976767676384,-2491.4971491459173,stop_loss,1,2283.26075854225,ASIAN_PAINTS
2009-01-28,2009-01-29,long,71.61176884433067,65.34605828057089,362,-2268.187224081041,74.36810012882154,-2342.5553242098626,stop_loss,1,2233.430815559332,ASIAN_PAINTS
2009-03-06,2009-03-12,long,60.45185975687977,61.2087924952115,8482,6420.30348652971,1547.8884786033573,4872.415007926353,stop_loss,6,2186.579709075135,ASIAN_PAINTS
2009-03-12,2009-03-20,long,60.45185975687977,63.35245427012124,5374,15587.794914159673,997.9865753716551,14589.808338788018,stop_loss,8,2284.0280092336616,ASIAN_PAINTS
2009-04-13,2009-04-15,short,69.02114912207848,71.261092698014,1203,-2694.652121850422,253.13930536435691,-2947.791427214779,stop_loss,2,2575.824176009422,ASIAN_PAINTS
2009-04-15,2009-04-16,short,69.02114912207848,75.3854793268795,401,-2552.0964121252096,86.86058701204821,-2638.9569991372578,stop_loss,1,2516.8683474651266,ASIAN_PAINTS
2009-05-13,2009-05-14,short,80.86272722835567,81.9879648982762,2403,-2703.9461208190505,586.9953197704447,-3290.941440589495,stop_loss,1,2464.0892074823814,ASIAN_PAINTS
2009-05-14,2009-05-15,short,80.86272722835567,82.4166928374271,1649,-2562.489289358805,403.87164553271367,-2966.3609348915184,stop_loss,1,2398.2703786705915,ASIAN_PAINTS
2009-06-11,2009-06-19,short,100.31005831034577,97.09736905844063,1353,4346.768557827644,400.638373844952,3946.130183982692,stop_loss,8,2338.943159972761,ASIAN_PAINTS
2009-06-29,2009-06-30,short,101.61341212711632,102.64009063332418,2609,-2678.6042226963023,799.3460830529838,-3477.950305749286,stop_loss,1,2417.865763652415,ASIAN_PAINTS
2009-06-30,2009-07-02,short,101.61341212711632,103.07312422769975,1178,-1719.5408544872816,361.68110973896,-2081.2219642262417,stop_loss,2,2348.3067575374293,ASIAN_PAINTS
2009-07-07,2009-07-15,short,103.18034897492517,101.5142351025154,1292,2152.6191231534185,396.69810394207985,1755.9210192113387,stop_loss,8,2306.6823182529047,ASIAN_PAINTS
2009-07-15,2009-07-20,short,104.54002177810645,103.85256962460912,309,212.42271543067577,96.58996611515867,115.83274931551709,stop_loss,5,2341.8007386371314,ASIAN_PAINTS
2009-07-22,2009-07-23,short,111.67625062776612,112.68624031577943,2575,-2600.723446634263,866.6001212694447,-3467.3235679037075,stop_loss,1,2344.117393623442,ASIAN_PAINTS
2009-07-23,2009-07-24,short,111.67625062776612,114.41836669422719,860,-2358.219817156516,291.66205634537135,-2649.881873501887,stop_loss,1,2274.770922265368,ASIAN_PAINTS
2009-07-24,2009-07-27,short,111.67625062776612,115.27575158051775,634,-2282.083604044531,215.831354100078,-2497.914958144609,stop_loss,3,2221.77328479533,ASIAN_PAINTS
2009-08-05,2009-08-13,short,122.72701695851748,117.01649841750381,812,4636.9410553031,292.007601727994,4344.933453575106,stop_loss,8,2171.8149856324376,ASIAN_PAINTS
2009-10-23,2009-10-26,short,146.803166992335,148.02100011289684,2020,-2460.0229035349066,893.3172263288525,-3353.340129863759,stop_loss,3,2258.71365470394,ASIAN_PAINTS
2009-10-26,2009-10-30,short,146.803166992335,142.41954758122338,691,3029.0810130781324,299.7793436554933,2729.301669422639,stop_loss,4,2191.646852106665,ASIAN_PAINTS
2009-11-05,2009-11-09,short,149.54584376206174,147.64227941542077,1187,2259.530879462822,529.1434533175076,1730.3874261453147,stop_loss,4,2246.2328854951174,ASIAN_PAINTS
2009-12-15,2009-12-16,short,151.01255610823245,153.30024839131963,1042,-2383.7753589768436,475.64091343279983,-2859.416272409643,stop_loss,1,2280.840634018024,ASIAN_PAINTS
2009-12-16,2009-12-17,short,151.01255610823245,154.84529376555003,595,-2280.47890610396,272.9781310123509,-2553.457037116311,stop_loss,1,2223.6523085698313,ASIAN_PAINTS
2010-01-08,2010-01-12,short,157.99798730300603,158.51424429372332,1321,-681.9754847375468,627.1689869089192,-1309.1444716464662,stop_loss,4,2172.583167827505,ASIAN_PAINTS
2010-01-12,2010-01-14,short,157.99798730300603,163.4845922193356,385,-2112.3428927868895,185.65618967415233,-2297.999082461042,stop_loss,2,2146.4002783945757,ASIAN_PAINTS
2010-02-01,2010-02-05,short,167.39890100014014,167.66280024352218,2030,-535.7154640655451,1020.2628802869519,-1555.978344352497,stop_loss,4,2100.4402967453548,ASIAN_PAINTS
2010-02-05,2010-02-10,short,167.39890100014014,172.71139994616047,330,-1753.1246521867079,168.35459896841883,-1921.4792511551268,stop_loss,5,2069.3207298583047,ASIAN_PAINTS
2010-02-16,2010-02-22,short,173.23096681106006,162.70115169057215,570,6001.994618678109,287.2219613188955,5714.772657359214,stop_loss,6,2030.8911448352026,ASIAN_PAINTS
2010-03-26,2010-03-29,short,173.75324607840963,179.4052472565907,386,-2181.672454777897,204.4787676409652,-2386.1512224188623,stop_loss,3,2145.1865979823865,ASIAN_PAINTS
2010-03-29,2010-03-31,short,175.74223048679482,181.15483309236762,312,-1688.7320129387138,167.02782575504804,-1855.7598386937618,stop_loss,2,2097.4635735340094,ASIAN_PAINTS
2010-04-20,2010-04-21,short,182.02251297279062,182.8783197896173,2726,-2332.9293826695452,1492.0795051654861,-3825.0088878350316,stop_loss,1,2060.348376760134,ASIAN_PAINTS
2010-04-21,2010-04-23,short,182.02251297279062,181.5595828623896,847,392.1018035096744,461.9310527585964,-69.829249248922,stop_loss,2,1983.8481990034334,ASIAN_PAINTS
2010-05-10,2010-05-12,short,183.9375534198065,184.90653109948292,860,-833.3208045217157,475.80886902988334,-1309.129673551599,stop_loss,2,1982.4516140184548,ASIAN_PAINTS
2010-05-12,2010-05-14,short,183.9375534198065,184.63663131257076,225,-157.29252587195646,124.39378734717732,-281.6863132191338,stop_loss,2,1956.269020547423,ASIAN_PAINTS
2010-06-08,2010-06-09,short,192.20689042154524,195.43034063417315,624,-2011.4329326798156,362.82844826815244,-2374.261380947968,stop_loss,1,1950.6352942830404,ASIAN_PAINTS
2010-06-17,2010-06-21,short,202.1300730272529,208.8353173762244,288,-1931.1103725037892,177.53704865430217,-2108.647421158091,stop_loss,4,1903.150066664081,ASIAN_PAINTS
2010-07-15,2010-07-16,short,214.47315432140758,215.73059755519398,1607,-2020.711276694751,1037.006143898548,-3057.717420593299,stop_loss,1,1860.977118240919,ASIAN_PAINTS
2010-07-16,2010-07-21,short,214.47315432140758,218.0379542006951,177,-630.9695786338935,114.83169931261827,-745.8012779465118,stop_loss,5,1799.8227698290532,ASIAN_PAINTS
2010-07-28,2010-07-29,short,224.17189127760966,228.99580389589653,377,-1818.6150570941495,256.26633162061773,-2074.881388714767,stop_loss,1,1784.906744270123,ASIAN_PAINTS
2010-08-11,2010-08-13,short,236.8054775696866,236.5409045949034,1832,484.6976898028081,1300.7558581882934,-816.0581683854853,stop_loss,2,1743.4091164958277,ASIAN_PAINTS
2010-08-19,2010-08-25,short,237.33192060431534,246.6214338991485,161,-1495.6116404681404,116.87473511258652,-1612.4863755807269,stop_loss,6,1727.087953128118,ASIAN_PAINTS
2010-09-03,2010-09-06,short,247.62305412450627,248.4725810635884,2261,-1920.7804092646845,1682.508346740423,-3603.2887560051076,stop_loss,3,1694.8382256165035,ASIAN_PAINTS
2010-09-06,2010-09-07,short,247.62305412450627,251.36768466147987,445,-1666.360588953253,333.07631813964576,-1999.4369070928988,stop_loss,1,1622.7724504964012,ASIAN_PAINTS
2010-09-14,2010-09-15,short,250.84268466147984,254.5262294032614,441,-1624.443231125668,334.30153665382636,-1958.7447677794944,stop_loss,1,1582.7837123545435,ASIAN_PAINTS
2010-09-15,2010-09-20,short,253.25544733072763,250.85456807556625,622,1493.3468967103815,470.33464437407224,1023.0122523363093,stop_loss,5,1543.6088169989534,ASIAN_PAINTS
2010-10-06,2010-10-13,short,255.30842414155975,235.48367452592603,396,7850.600847790954,291.5305066084865,7559.070341182467,stop_loss,7,1564.0690620456796,ASIAN_PAINTS
2010-10-18,2010-10-19,long,232.04937826722045,230.6382108282172,1308,-1845.807010216233,907.7930498052486,-2753.6000600214816,stop_loss,1,1715.2504688693289,ASIAN_PAINTS
2010-10-19,2010-10-20,long,232.04937826722045,230.46277968324603,1116,-1770.644019715454,774.2453524090809,-2544.889372124535,stop_loss,1,1660.1784676688994,ASIAN_PAINTS
2010-10-26,2010-10-27,long,230.98777968324606,227.12011065978893,427,-1651.4946730161926,293.4181037647139,-1944.9127767809064,stop_loss,1,1609.2806802264085,ASIAN_PAINTS
2010-10-27,2010-11-03,long,228.09260028417768,237.1021749402034,162,1459.551094276169,113.0423303795246,1346.5087638966443,stop_loss,7,1570.3824246907905,ASIAN_PAINTS
2010-11-25,2010-12-03,long,218.88060198960568,232.43734042232555,492,6669.915308898175,333.0726415000052,6336.842667398169,stop_loss,8,1597.3125999687234,ASIAN_PAINTS
2011-01-24,2011-01-25,long,230.40990070711382,228.8418662837011,1174,-1840.872413086524,808.7423616708251,-2649.614774757349,stop_loss,1,1724.0494533166868,ASIAN_PAINTS
2011-01-25,2011-01-28,long,230.40990070711382,228.30063990608275,831,-1752.795725656819,571.7826888743496,-2324.5784145311686,stop_loss,3,1671.0571578215397,ASIAN_PAINTS
2011-01-28,2011-01-31,long,230.40990070711382,224.33994636261497,272,-1651.0275817036882,185.53793760444935,-1836.5655193081375,stop_loss,3,1624.5655895309164,ASIAN_PAINTS
2011-02-09,2011-02-14,long,215.62328575819944,216.06641224243938,828,366.90872895067037,536.1586049167934,-169.249875966123,stop_loss,5,1587.834279144754,ASIAN_PAINTS
2011-02-24,2011-02-25,long,214.13136050108972,210.9615251175237,516,-1635.6350579200612,329.0218934688068,-1964.656951388868,stop_loss,1,1584.4492816254315,ASIAN_PAINTS
2011-02-25,2011-02-28,long,214.13136050108972,210.7238908572191,467,-1591.2883236875828,297.6111035764953,-1888.899427264078,stop_loss,3,1545.156142597654,ASIAN_PAINTS
2011-02-28,2011-03-07,long,214.13136050108972,219.15576325553417,248,1246.051883102224,161.1828100374641,1084.86907306476,stop_loss,7,1507.3781540523723,ASIAN_PAINTS
2011-04-25,2011-04-26,short,232.20032133704186,235.5242274854824,474,-1575.5315143608238,332.55215421281474,-1908.0836685736385,stop_loss,1,1529.0755355136675,ASIAN_PAINTS
2011-05-16,2011-05-17,short,247.69108330259363,248.30405165494633,2906,-1781.286031936973,2162.0427932799166,-3943.3288252168895,stop_loss,1,1490.9138621421948,ASIAN_PAINTS
2011-05-17,2011-05-20,short,247.69108330259363,254.28475577202838,203,-1338.5155112952543,152.85164299822242,-1491.3671542934767,stop_loss,3,1412.047285637857,ASIAN_PAINTS
2011-05-20,2011-05-23,short,247.69108330259363,257.123264027596,148,-1395.9627473003525,112.0687851073021,-1508.0315324076546,stop_loss,3,1382.2199425519875,ASIAN_PAINTS
2011-07-04,2011-07-13,short,297.6840546470846,279.2868190739322,1333,24523.515019012208,1153.653262005173,23369.861757007035,stop_loss,9,1352.0593119038344,ASIAN_PAINTS
2011-08-02,2011-08-08,long,271.74269964096567,266.96172063782535,322,-1539.475239011182,260.1942349946561,-1799.6694740058383,stop_loss,6,1819.4565470439752,ASIAN_PAINTS
2011-08-09,2011-08-18,long,266.52032882340296,285.3466139359438,1124,21160.744466495926,930.4476654922588,20230.296801003667,stop_loss,9,1783.4631575638582,ASIAN_PAINTS
2011-08-22,2011-08-23,short,287.26925157201697,293.58417165765644,352,-2222.851870145094,306.69060746526753,-2529.5424776103614,stop_loss,1,2188.0690935839316,ASIAN_PAINTS
2011-08-23,2011-08-26,short,291.19709188467664,291.3674818708412,494,-84.17265316528119,431.68034915283874,-515.8530023181199,stop_loss,3,2137.4782440317244,ASIAN_PAINTS
2011-10-05,2011-10-14,long,266.53794374895824,280.53199735318674,2143,29989.256873861672,1758.556325672845,28230.700548188826,stop_loss,9,2127.161183985362,ASIAN_PAINTS
2011-10-14,2011-10-18,long,265.97064594599533,276.9808529958002,81,891.826771034195,65.96860712142816,825.8581639127668,stop_loss,4,2691.775194949139,ASIAN_PAINTS
2011-11-04,2011-11-25,short,284.6358995981253,257.145076139783,436,11985.999027837257,354.324758132592,11631.674269704665,stop_loss,21,2708.2923582273943,ASIAN_PAINTS
2011-12-01,2011-12-07,long,251.79990941626676,252.1510726717465,446,156.61881194396727,337.14320701688087,-180.5243950729136,stop_loss,6,2940.9258436214877,ASIAN_PAINTS
2011-12-14,2011-12-16,long,245.64071336513618,245.09789577066394,1968,-1068.2650259213679,1448.660374168882,-2516.92540009025,stop_loss,2,2937.3153557200294,ASIAN_PAINTS
2011-12-16,2011-12-19,long,245.64071336513618,239.25432672414547,459,-2931.3514682147347,333.85023510147045,-3265.201703316205,stop_loss,3,2886.9768477182242,ASIAN_PAINTS
2011-12-28,2012-01-02,long,234.3493408133998,229.11486872797153,373,-1952.4580878647484,259.3082252383973,-2211.766313103146,stop_loss,5,2821.6728136519,ASIAN_PAINTS
2012-02-09,2012-02-10,short,269.961547772445,272.7100849606481,1048,-2880.4669732368507,853.0798066564223,-3733.546779893273,stop_loss,1,2777.4374873898373,ASIAN_PAINTS
2012-02-28,2012-02-29,short,277.7884978316192,283.9436365343282,446,-2745.1918614082124,375.79879789081883,-3120.990659299031,stop_loss,1,2702.7665517919713,ASIAN_PAINTS
2012-03-06,2012-03-09,short,283.4186365343282,281.13742375395964,467,1065.326368432112,395.4715202319457,669.8548482001663,stop_loss,3,2640.3467386059906,ASIAN_PAINTS
2012-03-15,2012-03-21,short,288.6395599147097,273.24373194492586,314,4834.289982512129,264.6470304658884,4569.642952046241,stop_loss,6,2653.7438355699937,ASIAN_PAINTS
2012-04-03,2012-04-04,short,296.6443691011878,300.28243239925763,775,-2819.4990560041133,693.9274067442678,-3513.4264627483813,stop_loss,1,2745.1366946109188,ASIAN_PAINTS
2012-04-04,2012-04-12,short,296.6443691011878,290.031759459897,464,3068.250873558939,408.3265854785151,2659.924288080424,stop_loss,8,2674.868165355951,ASIAN_PAINTS
2012-04-23,2012-04-24,short,301.9721878612282,310.1016358284836,339,-2755.882860899591,311.23953934621846,-3067.1224002458093,stop_loss,1,2728.0666511175596,ASIAN_PAINTS
2012-05-03,2012-05-04,short,310.6440009156559,322.6070494374405,224,-2679.722868879744,212.7723529186404,-2892.4952217983846,stop_loss,1,2666.7242031126434,ASIAN_PAINTS
2012-05-07,2012-05-09,short,315.5003968700694,329.0998553803741,172,-2339.106863772411,166.3068650806144,-2505.4137288530255,stop_loss,2,2608.874298676676,ASIAN_PAINTS
2012-05-15,2012-05-16,short,330.17594336675364,336.3043542693996,424,-2598.446222721884,423.8814692965934,-3022.3276920184776,stop_loss,1,2558.766024099615,ASIAN_PAINTS
2012-05-16,2012-05-21,short,332.66627720189,331.4125165892249,613,768.5552555637263,610.6204508909301,157.9348046727962,stop_loss,5,2498.319470259246,ASIAN_PAINTS
2012-05-28,2012-05-29,short,336.3129025977329,341.64086282022106,478,-2546.7649863493466,486.092849804673,-3032.8578361540194,stop_loss,1,2501.478166352702,ASIAN_PAINTS
2012-05-31,2012-06-05,short,336.3129025977329,335.7705899225475,66,35.79263656223452,66.53626575950776,-30.743629197273236,stop_loss,5,2440.8210096296216,ASIAN_PAINTS
2012-07-17,2012-07-18,long,328.57337270376655,326.2552448834292,1100,-2549.9406023710717,1080.467219018873,-3630.4078213899447,stop_loss,1,2440.206137045676,ASIAN_PAINTS
2012-07-18,2012-07-23,long,328.57337270376655,324.5562428218349,482,-1936.2566030910425,472.2127120250099,-2408.4693151160523,stop_loss,5,2367.597980617877,ASIAN_PAINTS
2012-07-23,2012-07-24,long,328.57337270376655,321.8082167511108,347,-2347.509115571539,338.52361731126365,-2686.0327328828025,stop_loss,1,2319.428594315556,ASIAN_PAINTS
2012-09-20,2012-09-21,short,345.3860293590948,353.20017362956173,293,-2289.5442712468175,307.0286362135146,-2596.5729074603323,stop_loss,1,2265.7079396579,ASIAN_PAINTS
2012-09-25,2012-09-28,short,351.56798392650836,352.20059784896733,249,-157.52086669228413,262.85756529314017,-420.3784319854243,stop_loss,3,2213.7764815086935,ASIAN_PAINTS
2012-10-05,2012-10-12,long,325.4533011564333,347.23518325479563,124,2700.9533801969255,125.12005810048859,2575.833322096437,stop_loss,7,2205.368912868985,ASIAN_PAINTS
2012-11-06,2012-11-07,short,360.0002628647699,369.40530587023085,242,-2276.0204073215436,264.77422145080527,-2540.794628772349,stop_loss,1,2256.8855793109137,ASIAN_PAINTS
2012-11-29,2012-11-30,short,377.04562561454867,393.2632496013529,136,-2205.596862205379,157.14301054404393,-2362.739872749423,stop_loss,1,2206.069686735467,ASIAN_PAINTS
2012-12-19,2012-12-20,short,396.3287900552578,399.86925842407953,627,-2219.8736672512277,748.8242645948168,-2968.6979318460444,stop_loss,1,2158.8148892804784,ASIAN_PAINTS
2012-12-20,2012-12-26,short,396.3287900552578,394.2114229931509,265,561.1022714583269,314.2397346867425,246.86253677158436,stop_loss,6,2099.4409306435573,ASIAN_PAINTS
2013-01-30,2013-01-31,short,403.1009983150491,403.6485474212638,4702,-2574.5758974215996,5690.004546078215,-8264.580443499814,stop_loss,1,2104.378181378989,ASIAN_PAINTS
2013-01-31,2013-02-04,short,403.1009983150491,409.4906035984615,255,-1629.3493472701712,310.81628773191784,-1940.165635002089,stop_loss,4,1939.0865725089927,ASIAN_PAINTS
2013-03-08,2013-03-11,short,419.9305928677003,421.4441334120059,1344,-2034.1984915467438,1696.2114481798878,-3730.409939726632,stop_loss,3,1900.2832598089508,ASIAN_PAINTS
2013-03-11,2013-03-13,short,419.9305928677003,428.8141714481222,197,-1750.0649803431138,250.80407785532554,-2000.8690581984392,stop_loss,2,1825.6750610144184,ASIAN_PAINTS
2013-03-21,2013-03-25,short,444.0176484605154,449.4858966489251,181,-989.7529221021639,242.5862124972131,-1232.339134599377,stop_loss,4,1785.6576798504495,ASIAN_PAINTS
2013-06-12,2013-06-13,long,402.76466599303336,402.1037249262841,3139,-2074.6940085259707,3789.722818643606,-5864.416827169576,stop_loss,1,1761.010897158462,ASIAN_PAINTS
2013-06-13,2013-06-20,long,402.76466599303336,412.35330150435084,921,8831.133305923397,1126.085472097636,7705.047833825761,stop_loss,7,1643.7225606150705,ASIAN_PAINTS
2013-06-24,2013-06-25,long,401.4057490717935,395.7627948504744,324,-1828.3171677073842,387.4239123462222,-2215.7410800536063,stop_loss,1,1797.8235172915859,ASIAN_PAINTS
2013-07-17,2013-07-18,short,438.80055055490413,455.9523744850533,102,-1749.4860408752174,136.8971975311135,-1886.383238406331,stop_loss,1,1753.5086956905138,ASIAN_PAINTS
2013-08-07,2013-08-12,long,389.45774075797027,383.253067228851,105,-651.490720557521,121.70195225792435,-773.1926728154453,stop_loss,5,1715.7810309223871,ASIAN_PAINTS
2013-08-19,2013-08-27,long,373.6327163895976,381.2602114839246,131,999.2018573568373,148.3364603271471,850.8653970296903,stop_loss,8,1700.3171774660782,ASIAN_PAINTS
2013-08-28,2013-09-03,long,361.0866927507686,378.81442261547966,75,1329.579739853331,83.23887547870292,1246.340864374628,stop_loss,6,1717.334485406672,ASIAN_PAINTS
2013-09-19,2013-09-20,short,408.8805137776947,440.7477341699165,54,-1720.8299011799763,68.81988808375652,-1789.6497892637328,stop_loss,1,1742.2613026941644,ASIAN_PAINTS
2013-10-21,2013-10-22,short,456.844941747935,480.0160043050212,73,-1691.4875666672929,102.58627359279872,-1794.0738402600916,stop_loss,1,1706.4683069088899,ASIAN_PAINTS
2013-10-31,2013-11-01,short,483.8629103224436,492.05844672605843,206,-1688.2804991446537,301.5596993279871,-1989.8401984726409,stop_loss,1,1670.5868301036878,ASIAN_PAINTS
2013-11-01,2013-11-05,short,483.8629103224436,494.7818313606946,150,-1637.8381557376456,220.19506687870611,-1858.0332226163516,stop_loss,4,1630.7900261342352,ASIAN_PAINTS
2014-01-03,2014-01-09,long,437.9635085316427,442.4310350703901,711,3176.411369049437,938.9407807515681,2237.4705882978687,stop_loss,6,1593.6293616819082,ASIAN_PAINTS
2014-01-21,2014-01-22,long,436.1479056275536,428.6332283084902,220,-1653.2290101939532,285.37777419889443,-1938.6067843928477,stop_loss,1,1638.3787734478658,ASIAN_PAINTS
2014-01-30,2014-02-04,long,424.2110468708363,424.32142425117706,523,57.727369918220006,665.6737235952195,-607.9463536769995,stop_loss,5,1599.6066377600089,ASIAN_PAINTS
2014-02-18,2014-02-20,long,421.5784677607461,424.27596584714973,2276,6139.505644654687,2887.7470363373563,3251.7586083173305,stop_loss,2,1587.4477106864688,ASIAN_PAINTS
2014-02-20,2014-03-03,long,421.5784677607461,427.0445780104502,431,2355.893517622474,548.6347990910784,1807.2587185313955,stop_loss,11,1652.4828828528155,ASIAN_PAINTS
2014-04-10,2014-04-17,short,498.8408571938889,488.9266153206109,3972,39379.36872066022,5885.11860124139,33494.25011941883,stop_loss,7,1688.6280572234432,ASIAN_PAINTS
2014-05-13,2014-05-14,short,498.8408845825759,500.2736682113621,1769,-2534.594239322858,2651.1504658387144,-5185.744705161573,stop_loss,1,2358.51305961182,ASIAN_PAINTS
2014-05-14,2014-05-15,short,498.8408845825759,508.44362495547585,237,-2275.8494683772938,358.0896431407774,-2633.939111518071,stop_loss,1,2254.7981655085887,ASIAN_PAINTS
2014-05-15,2014-05-21,short,498.8408845825759,486.3848506712972,168,2092.613697094816,248.27688528397604,1844.33681181084,stop_loss,6,2202.119383278227,ASIAN_PAINTS
2014-06-17,2014-06-18,short,511.4586852751705,516.9861088943011,412,-2277.2985310817903,635.5788827967334,-2912.877413878524,stop_loss,1,2239.0061195144435,ASIAN_PAINTS
2014-06-18,2014-06-19,short,511.4586852751705,520.6454472304656,239,-2195.636107315525,370.0093315032706,-2565.6454388187954,stop_loss,1,2180.748571236873,ASIAN_PAINTS
2014-06-19,2014-06-20,short,511.4586852751705,521.5602392492159,212,-2141.529442497619,328.50001799875486,-2470.0294604963738,stop_loss,1,2129.435662460497,ASIAN_PAINTS
2014-07-01,2014-07-04,short,532.0135426838754,537.798726876128,131,-757.8591291850888,210.21811096854063,-968.0772401536294,stop_loss,3,2080.03507325057,ASIAN_PAINTS
2014-07-08,2014-07-14,short,547.382893369043,539.3997888527922,397,3169.2924929515752,647.1790872631029,2522.113405688472,stop_loss,6,2060.673528447497,ASIAN_PAINTS
2014-07-22,2014-07-24,short,552.1399681564238,558.1540016748123,313,-1882.3924912555965,521.2830188357655,-2403.675510091362,stop_loss,2,2111.115796561267,ASIAN_PAINTS
2014-07-24,2014-07-25,short,552.1399681564238,571.9224279198704,104,-2057.3758153984445,175.3537337879019,-2232.7295491863465,stop_loss,1,2063.0422863594395,ASIAN_PAINTS
2014-08-06,2014-08-13,short,593.3078748476966,565.472753179378,708,19707.266141169574,1230.625026964753,18476.64111420482,stop_loss,7,2018.3876953757126,ASIAN_PAINTS
2014-09-08,2014-09-09,short,595.7321396065464,622.9705579973536,87,-2369.742400000224,159.04070203730896,-2528.783102037533,stop_loss,1,2387.920517659809,ASIAN_PAINTS
2014-11-17,2014-11-18,short,622.5372575043509,637.5838604196598,156,-2347.2700547881855,294.8683415942185,-2642.138396382404,stop_loss,1,2337.3448556190583,ASIAN_PAINTS
2014-11-26,2014-11-27,short,644.9935840177975,650.930666998423,391,-2321.3994454245776,760.0595732210134,-3081.4590186455907,stop_loss,1,2284.5020876914105,ASIAN_PAINTS
2014-11-27,2014-11-28,short,644.9935840177975,658.7279222731958,163,-2238.697135629916,318.75990828814787,-2557.457043918064,stop_loss,1,2222.8729073184986,ASIAN_PAINTS
2014-12-08,2014-12-11,short,735.4402155066907,715.5551596562979,301,5985.401810968251,655.1244118860894,5330.2773990821615,stop_loss,3,2171.7237664401373,ASIAN_PAINTS
2015-01-08,2015-01-09,short,742.2282950866463,754.95346455197,180,-2290.530503758264,404.23907510242645,-2694.76957886069,stop_loss,1,2278.3293144217805,ASIAN_PAINTS
2015-01-09,2015-01-13,short,742.2282950866463,750.8256614678933,122,-1048.8786985121287,273.22887404948074,-1322.1075725616095,stop_loss,4,2224.4339228445665,ASIAN_PAINTS
2015-03-27,2015-04-15,long,719.0448669581845,781.8141764839282,152,9540.935047913055,342.1958619048017,9198.739186008253,stop_loss,19,2197.991771393334,ASIAN_PAINTS
2015-04-24,2015-04-27,long,705.0100159326258,701.6871880636767,739,-2455.5697951534303,1559.3238506299015,-4014.8936457833315,stop_loss,3,2381.9665551134995,ASIAN_PAINTS
2015-04-27,2015-04-28,long,705.0100159326258,679.2131070261207,89,-2295.9248926789546,184.79378691499267,-2480.7186795939474,stop_loss,1,2301.668682197833,ASIAN_PAINTS
2015-04-28,2015-04-30,long,705.0100159326258,687.881883627061,63,-1079.0723352505827,131.6282845083904,-1210.700619758973,stop_loss,2,2252.054308605954,ASIAN_PAINTS
2015-06-09,2015-06-11,long,670.0605600407076,673.7553121424702,5242,19367.89051743934,10566.424202976326,8801.466314463014,stop_loss,2,2227.8402962107743,ASIAN_PAINTS
2015-06-11,2015-06-12,long,670.0605600407076,644.3094497737719,93,-2394.8532548250214,183.3546163691199,-2578.2078711941413,stop_loss,1,2403.8696225000344,ASIAN_PAINTS
2015-07-15,2015-07-16,short,769.9067120945242,775.5056640204135,427,-2390.7524723547353,989.8366269016176,-3380.5890992563527,stop_loss,1,2352.3054650761514,ASIAN_PAINTS
2015-07-20,2015-07-21,short,769.9067120945242,789.7591496203769,115,-2283.030315473058,269.04236114582045,-2552.0726766188786,stop_loss,1,2284.6936830910245,ASIAN_PAINTS
2015-07-21,2015-07-23,short,769.9067120945242,779.6570594038616,68,-663.0236170349413,158.05550469283537,-821.0791217277766,stop_loss,2,2233.652229558647,ASIAN_PAINTS
2015-07-31,2015-08-03,short,801.9190960719645,816.5593151382468,152,-2225.313298074905,369.0130777559282,-2594.326375830833,stop_loss,3,2217.230647124092,ASIAN_PAINTS
2015-09-01,2015-09-02,long,749.3072843055672,740.5254245499633,249,-2186.683079145379,556.4525167575407,-2743.1355959029197,stop_loss,1,2165.344119607475,ASIAN_PAINTS
2015-09-02,2015-09-04,long,749.3072843055672,743.9389233519216,175,-939.4631668879811,391.97712951009083,-1331.440296398072,stop_loss,2,2110.4814076894168,ASIAN_PAINTS
2015-09-04,2015-09-07,long,749.3072843055672,730.5618894775944,111,-2080.7388259049876,246.3982174348964,-2327.137043339884,stop_loss,3,2083.8526017614554,ASIAN_PAINTS
2015-09-07,2015-09-08,long,749.3072843055672,724.1500765848442,81,-2037.7338253785647,179.025069348185,-2216.7588947267495,stop_loss,1,2037.3098608946577,ASIAN_PAINTS
2015-10-16,2015-10-19,short,815.3883963566409,816.7437970320369,1587,-2151.020871853494,3885.2906863617477,-6036.311558215242,stop_loss,3,1992.9746830001227,ASIAN_PAINTS
2015-10-19,2015-10-28,short,815.3883963566409,765.7266501164089,237,11769.833858934982,562.0863990211693,11207.747459913813,stop_loss,9,1872.2484518358178,ASIAN_PAINTS
2015-12-07,2015-12-08,short,800.5902444943385,808.4227810598261,271,-2122.6174092471247,654.0637948877679,-2776.6812041348926,stop_loss,1,2096.403401034094,ASIAN_PAINTS
2015-12-08,2015-12-11,short,800.5902444943385,796.7215110814323,185,715.7156813876645,443.2540121722764,272.4616692153881,stop_loss,3,2040.8697769513963,ASIAN_PAINTS
2015-12-14,2015-12-15,short,807.8977810598262,812.6316568091161,441,-2087.639205436818,1071.9802231503054,-3159.6194285871234,stop_loss,1,2046.3190103357042,ASIAN_PAINTS
2015-12-15,2015-12-16,short,811.1817564823913,814.111629575127,700,-2050.9111649150327,1706.558055360394,-3757.469220275427,stop_loss,1,1983.1266217639618,ASIAN_PAINTS
2015-12-16,2015-12-18,short,811.1817564823913,812.7241682296432,294,-453.4690536920557,716.1425127980073,-1169.611566490063,stop_loss,2,1907.9772373584533,ASIAN_PAINTS
2015-12-18,2015-12-22,short,811.1817564823913,817.8116619562105,227,-1504.9885425569664,554.672258978344,-2059.6608015353104,stop_loss,4,1884.585006028652,ASIAN_PAINTS
2015-12-22,2015-12-28,short,813.5866295751272,817.7193197155325,267,-1103.4282674882193,653.3380326909091,-1756.7663001791284,stop_loss,6,1843.391789997946,ASIAN_PAINTS
2016-01-04,2016-01-05,short,820.0618222747313,825.628074744807,330,-1836.8633151249844,814.6164990246716,-2651.479814149656,stop_loss,1,1808.2564639943635,ASIAN_PAINTS
2016-01-05,2016-01-06,short,820.0618222747313,837.2370053367216,102,-1751.8686723230117,253.5667206245523,-2005.435392947564,stop_loss,1,1755.2268677113702,ASIAN_PAINTS
2016-01-06,2016-01-11,short,820.0618222747313,815.9154831249805,73,302.68275793180953,179.13951494126846,123.54324299054107,stop_loss,5,1715.118159852419,ASIAN_PAINTS
2016-05-09,2016-05-11,short,827.4618296412493,840.2433107851674,95,-1214.2407086722183,237.6479825107644,-1451.8886911829827,stop_loss,2,1717.5890247122297,ASIAN_PAINTS
2016-05-11,2016-05-12,short,827.4618296412493,850.1872364751507,74,-1681.6801057087027,186.2190463389204,-1867.8991520476231,stop_loss,1,1688.5512508885702,ASIAN_PAINTS
2016-05-25,2016-05-26,short,898.6879065700429,911.2381470565425,132,-1656.6317442179552,358.3653586180639,-2014.9971028360192,stop_loss,1,1651.1932678476178,ASIAN_PAINTS
2016-06-02,2016-06-03,short,924.1258006537656,951.9388422220575,58,-1613.1564109609274,163.21762393019662,-1776.374034891124,stop_loss,1,1610.8933257908975,ASIAN_PAINTS
2016-07-11,2016-07-12,short,959.2300738168699,960.7382022995533,1118,-1686.087643640093,3219.7867990472414,-4905.8744426873345,stop_loss,1,1575.365845093075,ASIAN_PAINTS
2016-07-12,2016-07-15,short,959.2300738168699,953.7637051879523,247,1350.1930513426523,708.7641951212865,641.4288562213658,stop_loss,3,1477.2483562393284,ASIAN_PAINTS
2016-07-18,2016-07-21,short,960.2132022995535,963.9003299001871,129,-475.6394604817383,372.3159684806498,-847.9554289623882,stop_loss,3,1490.0769333637556,ASIAN_PAINTS
2016-07-21,2016-07-22,short,964.770044682672,974.6875938531911,150,-1487.6323755778515,436.3779686705692,-1924.0103442484206,stop_loss,1,1473.1178247845078,ASIAN_PAINTS
2016-08-04,2016-08-08,short,1072.5513989597032,1065.1715268204205,1227,9055.103114899903,3934.4790448983176,5120.624070001585,stop_loss,4,1434.6376178995392,ASIAN_PAINTS
2016-08-09,2016-08-12,short,1072.5513989597032,1067.217522606887,1028,5483.224890694956,3299.5236770556826,2183.7012136392736,stop_loss,3,1537.050099299571,ASIAN_PAINTS
2016-08-12,2016-08-19,short,1073.295082523718,1041.4110607875666,239,7620.281194940198,758.1221523770956,6862.159042563102,stop_loss,7,1580.7241235723566,ASIAN_PAINTS
2016-08-31,2016-09-02,short,1079.4791782924108,1082.6083756636613,140,-438.0876319750678,454.0383863307751,-892.1260183058429,stop_loss,2,1717.9673044236185,ASIAN_PAINTS
2016-10-05,2016-10-10,short,1128.4413289159859,1125.3392783239249,173,536.6547524265538,584.8560675787569,-48.20131515220305,stop_loss,5,1700.1247840575015,ASIAN_PAINTS
2016-10-13,2016-11-07,short,1128.4413289159859,983.4468658174735,131,18994.27466590512,414.9860302651248,18579.288635639994,stop_loss,25,1699.1607577544576,ASIAN_PAINTS
2016-11-09,2016-11-11,long,984.284561083093,939.6170747375589,21,-938.0172132562146,60.60290152835053,-998.6201147845652,stop_loss,2,2070.746530467258,ASIAN_PAINTS
2016-12-20,2016-12-22,long,810.5580641793446,803.0877121301655,233,-1740.5920274587165,563.9691988201737,-2304.56122627889,stop_loss,2,2050.774128171566,ASIAN_PAINTS
2016-12-22,2016-12-26,long,810.5580641793446,803.041255289248,117,-879.466640141292,283.18668056673795,-1162.65332070803,stop_loss,4,2004.6829036459883,ASIAN_PAINTS
2017-01-24,2017-01-25,short,897.8065042154083,913.5740534752447,126,-1986.7112067393882,342.3509254035334,-2329.0621321429217,stop_loss,1,1981.4298372318276,ASIAN_PAINTS
2017-01-25,2017-01-27,short,906.1502657497656,914.9724381114391,221,-1949.7000919298548,603.7021763299894,-2553.4022682598443,stop_loss,2,1934.8485945889693,ASIAN_PAINTS
2017-01-27,2017-02-01,short,906.1502657497656,911.383197651099,114,-596.5542367520029,310.7982222415478,-907.3524589935507,stop_loss,5,1883.7805492237724,ASIAN_PAINTS
2017-02-01,2017-02-06,short,913.0490534752448,926.6723305180667,92,-1253.3414879396132,253.88155099107698,-1507.22303893069,stop_loss,5,1865.6335000439012,ASIAN_PAINTS
2017-02-06,2017-02-08,short,922.1384533128688,936.0414725995199,124,-1723.9743915447366,345.6214662197043,-2069.595857764441,stop_loss,2,1835.4890392652874,ASIAN_PAINTS
2017-02-08,2017-02-10,short,932.8129053988497,937.0202731181043,206,-866.7177501664576,577.7784521617388,-1444.4962023281964,stop_loss,2,1794.0971221099987,ASIAN_PAINTS
2017-02-22,2017-02-23,short,941.0633164229532,956.3647221368943,116,-1774.9630628171685,330.1524787094135,-2105.115541526582,stop_loss,1,1765.2071980634346,ASIAN_PAINTS
2017-02-23,2017-02-28,short,941.0633164229532,949.6523807356259,89,-764.4267238278694,252.41054557067034,-1016.8372693985398,stop_loss,5,1723.104887232903,ASIAN_PAINTS
2017-03-14,2017-03-16,short,973.5526066535589,1002.7445963540321,54,-1576.367443825552,160.08007344361488,-1736.4475172691668,stop_loss,2,1702.7681418449322,ASIAN_PAINTS
2017-04-03,2017-04-07,short,1017.788453243618,1015.3303046366839,266,653.8675294444902,811.2143843942405,-157.3468549497503,stop_loss,4,1668.039191499549,ASIAN_PAINTS
2017-04-25,2017-04-26,short,1023.6148656762844,1027.402802506951,451,-1708.3595106306793,1387.5134525259589,-3095.8729631566384,stop_loss,1,1664.892254400554,ASIAN_PAINTS
2017-04-26,2017-04-28,short,1023.6148656762844,1034.4882130654123,71,-772.007664628085,219.1879778859907,-991.1956425140756,stop_loss,2,1602.974795137421,ASIAN_PAINTS
2017-07-21,2017-07-25,short,1096.642085065432,1086.3933900153613,864,8854.87252326103,2829.213975704708,6025.658547556322,stop_loss,4,1583.1508822871397,ASIAN_PAINTS
2017-08-31,2017-09-01,short,1098.0474950059504,1099.9775880983982,930,-1794.9865759764589,3066.2449909305665,-4861.231566907025,stop_loss,1,1703.664053238266,ASIAN_PAINTS
2017-09-01,2017-09-05,short,1098.0474950059504,1139.232264852591,36,-1482.6517144790623,120.81310703236123,-1603.4648215114235,stop_loss,4,1606.4394219001256,ASIAN_PAINTS
2017-09-11,2017-09-12,short,1141.6119452685482,1162.7474903733012,74,-1564.0303377517193,255.7838973562453,-1819.8142351079646,stop_loss,1,1574.370125469897,ASIAN_PAINTS
2017-12-01,2017-12-04,long,1063.805831532588,1061.1681786786367,606,-1598.4176294944846,1931.6013752820033,-3530.019004776488,stop_loss,3,1537.9738407677378,ASIAN_PAINTS
2017-12-04,2017-12-05,long,1063.805831532588,1048.72677133715,97,-1462.6688389574795,307.3734937175469,-1770.0423326750265,stop_loss,1,1467.373460672208,ASIAN_PAINTS
2018-01-05,2018-01-09,short,1100.5146150249009,1118.2694588472345,76,-1349.3681304973588,252.9413844214234,-1602.3095149187823,stop_loss,4,1431.9726140187072,ASIAN_PAINTS
2018-01-15,2018-01-18,short,1118.8242856530796,1123.4807428602023,89,-414.42469143391895,299.34772130652317,-713.7724127404422,stop_loss,3,1399.9264237203315,ASIAN_PAINTS
2018-02-06,2018-02-09,long,1055.308047846334,1042.1539931178868,43,-565.6243533232268,135.28630164219223,-700.9106549654191,stop_loss,3,1385.6509754655228,ASIAN_PAINTS
2018-04-09,2018-04-12,short,1092.2983994151393,1087.9879472911864,178,767.2604780636211,582.136454570589,185.12402349303215,stop_loss,3,1371.6327623662144,ASIAN_PAINTS
2018-04-13,2018-04-16,short,1092.2983994151393,1105.12408787008,108,-1385.1743531336006,355.9824429402055,-1741.1567960738062,stop_loss,3,1375.335242836075,ASIAN_PAINTS
2018-04-16,2018-04-19,short,1099.5755237912936,1112.7766744603675,81,-1069.2932041949914,268.8007920875769,-1338.0939962825682,stop_loss,3,1340.512106914599,ASIAN_PAINTS
2018-04-27,2018-04-30,short,1115.538038173107,1126.0159405383674,126,-1320.2156980228146,423.65370197646865,-1743.8693999992834,stop_loss,3,1313.7502269889476,ASIAN_PAINTS
2018-04-30,2018-05-02,short,1115.538038173107,1133.4342416738332,71,-1270.6304485515593,239.51554780369912,-1510.1459963552584,stop_loss,2,1278.8728389889618,ASIAN_PAINTS
2018-05-10,2018-05-11,short,1155.0684350742345,1162.5418243763306,169,-1263.002792054252,587.5142007707183,-1850.5169928249702,stop_loss,1,1248.6699190618567,ASIAN_PAINTS
2018-05-11,2018-05-14,short,1155.0684350742345,1213.1521340207623,20,-1161.6739789305575,71.0466170728499,-1232.7205960034073,stop_loss,3,1211.6595792053574,ASIAN_PAINTS
2018-07-05,2018-07-06,short,1250.2796082766572,1254.8280018705007,266,-1209.8726959623596,999.5379364487161,-2209.4106324110758,stop_loss,1,1187.0051672852894,ASIAN_PAINTS
2018-07-06,2018-07-09,short,1250.2796082766572,1259.9223295490715,119,-1147.4838314173007,448.07104590189255,-1595.5548773191933,stop_loss,3,1142.816954637068,ASIAN_PAINTS
2018-07-16,2018-07-18,short,1290.0577322930092,1305.3000337051544,42,-640.1766593101006,163.50753925788433,-803.6841985679849,stop_loss,2,1110.905857090684,ASIAN_PAINTS
2018-07-18,2018-07-19,short,1305.954450184488,1320.8189681522724,74,-1099.9743296160473,291.5718494353804,-1391.5461790514278,stop_loss,1,1094.8321731193244,ASIAN_PAINTS
2018-08-31,2018-09-03,long,1307.0875547370563,1286.8925465898446,53,-1070.3354318022168,206.2214180554886,-1276.5568498577054,stop_loss,3,1067.0012495382957,ASIAN_PAINTS
2018-09-03,2018-09-04,long,1307.0875547370563,1278.2128611243072,36,-1039.4889700589665,139.60622245651362,-1179.0951925154802,stop_loss,1,1041.4701125411416,ASIAN_PAINTS
2018-09-12,2018-09-18,long,1229.1618785035917,1228.2126408463218,47,-44.61416989168083,173.2449036141689,-217.85907350584972,stop_loss,6,1017.888208690832,ASIAN_PAINTS
2018-09-21,2018-10-01,long,1207.9828524399688,1213.118203530553,15,77.03026635876313,54.47477375933674,22.555492599426387,stop_loss,10,1013.5310272207149,ASIAN_PAINTS
2018-10-05,2018-10-09,long,1143.7371271680702,1133.0229992340026,52,-557.1346525715162,177.58728985936168,-734.7219424308779,stop_loss,4,1013.9821370727035,ASIAN_PAINTS
2018-10-09,2018-10-10,long,1143.7371271680702,1123.4946986288885,49,-991.878998419902,166.64153919607645,-1158.5205376159784,stop_loss,1,999.287698224086,ASIAN_PAINTS
2018-10-10,2018-10-19,long,1143.7371271680702,1183.8723546131912,32,1284.3272782438726,111.72525512550055,1172.602023118372,stop_loss,9,976.1172874717663,ASIAN_PAINTS
2018-10-23,2018-10-26,long,1114.4914661963303,1108.4003600924034,16,-97.45769766283047,53.34940383092961,-150.8071014937601,stop_loss,3,999.5693279341338,ASIAN_PAINTS
2018-11-12,2018-11-14,short,1220.9536157187024,1225.308330477558,44,-191.60744938964672,161.4532884489532,-353.06073783859995,stop_loss,2,996.5531859042586,ASIAN_PAINTS
2018-11-21,2018-11-26,short,1264.832646944139,1258.5012687274443,209,1323.2580472891927,791.0651825630414,532.1928647261514,stop_loss,5,989.4919711474867,ASIAN_PAINTS
2018-11-26,2018-11-28,short,1264.832646944139,1273.7266328273374,52,-462.4872659263174,198.00762382217516,-660.4948897484926,stop_loss,2,1000.1358284420097,ASIAN_PAINTS
2019-02-01,2019-02-05,short,1353.8200461335884,1373.9675769063385,27,-543.9833308642524,110.47539873311705,-654.4587295973694,stop_loss,4,986.9259306470398,ASIAN_PAINTS
2019-02-08,2019-02-20,short,1389.3770874640427,1321.1518735052755,95,6481.395326082884,386.25037693812783,6095.1449491447565,stop_loss,12,973.8367560550925,ASIAN_PAINTS
2019-03-22,2019-03-26,short,1399.1646557040992,1395.5287483032682,3315,12053.033033754771,13896.612951426636,-1843.5799176718647,stop_loss,4,1095.7396550379876,ASIAN_PAINTS
2019-05-10,2019-05-14,long,1272.34933595716,1251.634734676468,35,-725.0110448242208,132.50916370826548,-857.5202085324863,stop_loss,4,1058.8680566845503,ASIAN_PAINTS
2019-07-09,2019-07-11,long,1275.124168361675,1247.359440334803,21,-583.0592885643127,79.45823367393905,-662.5175222382518,stop_loss,2,1041.7176525139005,ASIAN_PAINTS
2019-07-24,2019-07-25,short,1384.9323063934464,1420.0769122613674,29,-1019.1935701697082,122.0179010114844,-1141.2114711811926,stop_loss,1,1028.4673020691355,ASIAN_PAINTS
2019-08-02,2019-08-05,short,1455.0156351704438,1473.7958297171226,53,-995.3503109739756,232.8405114585615,-1228.190822432537,stop_loss,3,1005.6430726455116,ASIAN_PAINTS
2019-08-05,2019-08-06,short,1462.0990447458582,1474.7462398559162,78,-986.4812185845212,343.6108982984076,-1330.0921168829288,stop_loss,1,981.0792561968608,ASIAN_PAINTS
2019-08-06,2019-08-07,short,1462.0990447458582,1492.6683440960876,31,-947.6482798571101,137.39668358115048,-1085.0449634382605,stop_loss,1,954.4774138592022,ASIAN_PAINTS
2019-08-16,2019-08-19,short,1497.0398605500086,1522.1420936221218,37,-928.7826236681892,167.56459845655326,-1096.3472221247425,stop_loss,3,932.776514590437,ASIAN_PAINTS
2019-08-29,2019-08-30,short,1529.888983977501,1540.2543859344962,88,-912.1553722155713,405.25892482838367,-1317.414297043955,stop_loss,1,910.8495701479421,ASIAN_PAINTS
2019-08-30,2019-09-09,short,1529.888983977501,1463.7649044961674,69,4562.561484212021,309.84317745702464,4252.718306754997,stop_loss,10,884.501284207063,ASIAN_PAINTS
2019-09-16,2019-09-20,long,1441.0813432144087,1468.8416765668603,74,2054.2646680814223,323.0014551957209,1731.2632128857015,stop_loss,4,969.5556503421631,ASIAN_PAINTS
2019-09-20,2019-09-23,short,1542.2016251054577,1640.4182362271667,10,-982.1661112170909,47.73929791998936,-1029.9054091370804,stop_loss,3,1004.180914599877,ASIAN_PAINTS
2019-10-15,2019-10-17,short,1729.9788575505306,1724.7992815708735,189,978.9398601551923,979.429602440918,-0.489742285725697,stop_loss,2,983.5828064171354,ASIAN_PAINTS
2019-10-22,2019-10-25,short,1729.9788575505306,1706.6867203799447,189,4402.2139252407305,974.29469134329,3427.919233897441,stop_loss,3,983.5730115714209,ASIAN_PAINTS
2019-10-30,2019-10-31,short,1734.7327132435116,1743.2301051133068,125,-1062.1739837243922,652.1180284419034,-1714.2920121662955,stop_loss,1,1052.1313962493698,ASIAN_PAINTS
2019-10-31,2019-11-05,short,1734.7327132435116,1705.1290076761645,78,2309.0890342530743,402.4638213476021,1906.6252129054722,stop_loss,5,1017.8455560060438,ASIAN_PAINTS
2020-01-15,2020-01-16,short,1738.895055514259,1757.5181640227431,57,-1061.5171849835974,298.94333027041364,-1360.4605152540112,stop_loss,1,1055.978060264153,ASIAN_PAINTS
2020-02-03,2020-02-04,short,1773.4243922730732,1784.0937031026103,97,-1034.9231504651038,517.618882877162,-1552.5420333422658,stop_loss,1,1028.768849959073,ASIAN_PAINTS
2020-02-04,2020-02-11,short,1773.4243922730732,1783.9507276781424,29,-305.2637267470061,154.74581771787788,-460.009544464884,stop_loss,7,997.7180092922276,ASIAN_PAINTS
2020-02-12,2020-02-19,short,1806.2865063190895,1790.761353340416,50,776.2576489336766,269.77858947446293,506.47905945921366,stop_loss,7,988.5178184029301,ASIAN_PAINTS
2020-03-09,2020-03-17,short,1825.2894675709824,1699.5465171565204,142,17855.49895885361,750.790064746958,17104.70889410665,stop_loss,8,998.6473995921143,ASIAN_PAINTS
2020-03-18,2020-03-19,long,1614.0111432124324,1537.722109256177,17,-1296.9135772563432,80.36919793794954,-1377.2827751942928,stop_loss,1,1340.7415774742474,ASIAN_PAINTS
2020-05-19,2020-05-27,long,1446.436947321012,1549.1984123182233,46,4727.0273898717205,206.69883981510725,4520.3285500566135,stop_loss,8,1313.1959219703615,ASIAN_PAINTS
2020-06-24,2020-06-30,short,1667.4617203461705,1633.9882910730514,20,669.4685854623822,99.04350034257666,570.4250851198055,stop_loss,6,1403.6024929714936,ASIAN_PAINTS
2020-08-07,2020-08-10,short,1715.506352164902,1739.243707314412,59,-1400.5039538210897,305.7453802639193,-1706.249334085009,stop_loss,3,1415.0109946738896,ASIAN_PAINTS
2020-08-10,2020-08-11,short,1715.506352164902,1746.327037403705,44,-1356.1101505073311,228.48100371152807,-1584.5911542188592,stop_loss,1,1380.8860079921897,ASIAN_PAINTS
2020-08-11,2020-08-13,short,1715.506352164902,1728.8101282938778,30,-399.1132838692761,154.99424162064508,-554.1075254899212,stop_loss,2,1349.1941849078125,ASIAN_PAINTS
2020-08-17,2020-08-18,short,1745.802037403705,1763.7480202437205,74,-1328.0027301611399,389.5600563988643,-1717.562786560004,stop_loss,1,1338.1120343980142,ASIAN_PAINTS
2020-08-18,2020-08-19,short,1758.7240694324703,1803.471970933704,29,-1297.6891435357752,154.95552775592859,-1452.6446712917038,stop_loss,1,1303.760778666814,ASIAN_PAINTS
2020-09-10,2020-09-11,short,1930.1113725636285,1981.2246117846007,24,-1226.7177413033332,140.80809543653626,-1367.5258367398694,stop_loss,1,1274.70788524098,ASIAN_PAINTS
2020-10-06,2020-10-07,short,1980.9388979221524,2008.217602086723,45,-1227.5416874056782,269.2680637505991,-1496.8097511562773,stop_loss,1,1247.3573685061826,ASIAN_PAINTS
2020-10-15,2020-10-20,short,2027.6983992241765,1991.036007694594,225,8249.038094156054,1356.322862335085,6892.715231820969,stop_loss,5,1217.4211734830571,ASIAN_PAINTS
2020-10-20,2020-10-21,short,2027.6983992241765,2040.6670384880447,105,-1361.7071227061638,640.7675564396749,-2002.4746791458388,stop_loss,1,1355.2754781194765,ASIAN_PAINTS
2020-10-21,2020-10-23,short,2027.6983992241765,2026.3566492471095,53,71.11274878454628,322.29737635346726,-251.18462756892097,stop_loss,2,1315.2259845365595,ASIAN_PAINTS
2020-10-27,2020-10-28,short,2040.1420384880448,2112.9842645213485,18,-1311.1600685994654,112.13441018125361,-1423.294478780719,stop_loss,1,1310.202291985181,ASIAN_PAINTS
2020-11-05,2020-11-06,short,2140.5138161661475,2152.974057050786,103,-1283.4048111177708,663.3438764120162,-1946.748687529787,stop_loss,1,1281.7364024095666,ASIAN_PAINTS
2020-11-06,2020-11-09,short,2149.717135441155,2155.1789694691884,231,-1261.6836604757468,1491.646500351434,-2753.330160827181,stop_loss,3,1242.801428658971,ASIAN_PAINTS
2020-11-09,2020-11-13,short,2149.717135441155,2110.84078011685,187,7269.878445644992,1195.0864953140206,6074.791950330971,stop_loss,4,1187.7348254424273,ASIAN_PAINTS
2020-12-01,2020-12-02,short,2155.6129574386473,2181.0630419896033,51,-1297.9543120987578,331.7557139562612,-1629.710026055019,stop_loss,1,1309.230664449047,ASIAN_PAINTS
2020-12-02,2020-12-03,short,2155.6129574386473,2229.9071333341894,17,-1263.0009902242164,111.83076231470734,-1374.8317525389236,stop_loss,1,1276.6364639279466,ASIAN_PAINTS
2020-12-28,2020-12-29,short,2526.6164788493415,2578.429799848162,24,-1243.5197039716913,183.78166603311016,-1427.3013700048016,stop_loss,1,1249.1398288771682,ASIAN_PAINTS
2021-01-08,2021-01-11,short,2676.167746739653,2732.1037874730296,21,-1174.6568554009077,170.36055332769953,-1345.0174087286073,stop_loss,3,1220.593801477072,ASIAN_PAINTS
2021-02-05,2021-02-12,long,2301.2210037750597,2391.8652797511604,42,3807.0595909962312,295.66443586215183,3511.3951551340792,stop_loss,7,1193.6934533024998,ASIAN_PAINTS
2021-02-23,2021-02-25,long,2273.2283135639227,2250.0786450758023,23,-532.4423752267685,156.0540900730705,-688.496465299839,stop_loss,2,1263.9213564051815,ASIAN_PAINTS
2021-04-06,2021-04-07,short,2409.6111534579086,2511.802105820318,12,-1226.2914283489135,88.58543866700808,-1314.8768670159216,stop_loss,1,1250.1514270991847,ASIAN_PAINTS
2021-04-16,2021-04-23,short,2557.3415583630795,2451.4069312118904,49,5190.796730408263,368.1430139837602,4822.653716424503,stop_loss,7,1223.8538897588662,ASIAN_PAINTS
2021-05-14,2021-05-18,short,2581.739211451063,2707.561963899994,9,-1132.4047720403805,71.40556586723928,-1203.81033790762,stop_loss,4,1320.3069640873564,ASIAN_PAINTS
2021-05-21,2021-05-25,short,2717.6300634783224,2731.336722276958,70,-959.4661159044881,572.1415125043045,-1531.6076284087926,stop_loss,4,1296.2307573292042,ASIAN_PAINTS
2021-05-25,2021-05-26,short,2726.977115556606,2801.9423363327624,16,-1199.4435324185033,132.69406684534485,-1332.1375992638482,stop_loss,1,1265.5986047610284,ASIAN_PAINTS
2021-06-04,2021-06-08,short,2842.0172252551997,2819.5337112986226,50,1124.175697828855,424.61632024153664,699.5593775873183,stop_loss,4,1238.9558527757513,ASIAN_PAINTS
2021-06-15,2021-06-17,short,2865.9832054090057,2930.9881999895993,17,-1105.0849078700908,147.82277083766442,-1252.9076787077552,stop_loss,2,1252.9470403274977,ASIAN_PAINTS
2021-06-22,2021-06-24,short,2937.9780793723476,2919.234787588224,29,543.5554617395774,254.7887597127849,288.7667020267925,stop_loss,2,1227.8888867533426,ASIAN_PAINTS
2021-07-20,2021-07-29,short,2979.260358917849,2922.1250965599265,14,799.8936730109126,123.92909456503328,675.9645784458793,stop_loss,9,1233.6642207938783,ASIAN_PAINTS
2021-07-30,2021-08-05,long,2856.938250254809,2901.6934938862937,95,4251.748144991029,820.6050235401073,3431.143121450922,stop_loss,6,1247.183512362796,ASIAN_PAINTS
2021-08-31,2021-09-01,short,3047.662721235625,3092.648741566402,29,-1304.5945895925238,267.10354863188815,-1571.6981382244119,stop_loss,1,1315.8063747918143,ASIAN_PAINTS
2021-09-24,2021-10-05,short,3269.9698088639143,3112.3992712460526,12,1890.8464514143398,114.88264344197943,1775.9638079723604,stop_loss,11,1284.3724120273262,ASIAN_PAINTS
2021-10-20,2021-10-21,long,3054.437569763517,3021.782137627596,40,-1306.2172854368328,364.57318244346675,-1670.7904678802995,stop_loss,1,1319.8916881867733,ASIAN_PAINTS
2021-10-21,2021-10-22,long,3054.437569763517,2813.493220553006,5,-1204.7217460525553,44.00948092737392,-1248.7312269799293,stop_loss,1,1286.4758788291674,ASIAN_PAINTS
2021-12-13,2021-12-15,short,3190.6393651784997,3187.9325017621068,39,105.56767323932445,373.1464542160255,-267.57878097670107,stop_loss,2,1261.5012542895688,ASIAN_PAINTS
2021-12-28,2021-12-29,short,3222.1315089302234,3255.451213277157,37,-1232.8290608365423,359.5058410825096,-1592.3349019190518,stop_loss,1,1256.1496786700347,ASIAN_PAINTS
2022-01-25,2022-02-03,long,2909.9373121253675,3078.8833786869764,206,34802.88971169142,1850.5455934610143,32952.34411823041,stop_loss,9,1224.3029806316538,ASIAN_PAINTS
2022-03-02,2022-03-03,long,2904.43947594597,2884.9613139550984,97,-1889.3817131145588,842.3578149306054,-2731.739528045164,stop_loss,1,1883.349862996262,ASIAN_PAINTS
2022-03-03,2022-03-04,long,2904.43947594597,2760.437490918791,12,-1728.0238203261506,101.9677854035657,-1829.9916057297164,stop_loss,1,1828.7150724353587,ASIAN_PAINTS
2022-04-28,2022-04-29,short,3107.350325825616,3152.2445912104713,40,-1795.7706153942127,375.57569502216523,-2171.346310416378,stop_loss,1,1792.115240320764,ASIAN_PAINTS
2022-04-29,2022-05-10,short,3107.350325825616,2931.170122966929,32,5637.766491477989,289.84898154204217,5347.917509935946,stop_loss,11,1748.6883141124365,ASIAN_PAINTS
2022-05-25,2022-05-26,long,2846.807505202997,2726.00356645376,15,-1812.059081238558,125.38824911227704,-1937.447330350835,stop_loss,1,1855.6466643111553,ASIAN_PAINTS
2022-06-08,2022-06-09,long,2622.598442855497,2604.1810256108497,99,-1823.3243072200894,776.1767510672526,-2599.501058287342,stop_loss,1,1816.8977177041386,ASIAN_PAINTS
2022-06-17,2022-06-22,long,2555.4444167349,2560.982194630301,24,132.90666948961734,184.19135800914725,-51.28468851952991,stop_loss,5,1764.9076965383917,ASIAN_PAINTS
2022-08-16,2022-08-17,short,3387.139921198715,3404.6415941728114,101,-1767.66897038374,1028.9548995787864,-2796.6238699625264,stop_loss,1,1763.8820027680013,ASIAN_PAINTS
2022-09-28,2022-10-04,short,3439.2345222815447,3252.3834130578025,46,8595.151024292143,461.72163753841494,8133.429386753728,stop_loss,6,1707.9495253687508,ASIAN_PAINTS
2022-10-12,2022-10-13,long,3135.1316490929667,3110.0626118492455,74,-1855.1087560353644,693.2165629645856,-2548.32531899995,stop_loss,1,1870.6181131038254,ASIAN_PAINTS
2022-10-13,2022-10-14,long,3135.1316490929667,3098.3242893271668,49,-1803.5606285241952,458.15901147387973,-2261.719639998075,stop_loss,1,1819.6516067238263,ASIAN_PAINTS
2022-10-14,2022-10-17,long,3135.1316490929667,3084.840046634653,35,-1760.2060860409802,326.54851402570006,-2086.7546000666803,stop_loss,3,1774.417213923865,ASIAN_PAINTS
2022-10-20,2022-10-21,long,3098.8492893271673,3008.977990965794,19,-1707.5546688660907,174.0730774883494,-1881.62774635444,stop_loss,1,1732.6821219225312,ASIAN_PAINTS
2022-12-07,2022-12-08,short,3108.348349361582,3142.6332033736903,49,-1679.9578465932968,459.44714412604253,-2139.4049907193394,stop_loss,1,1695.0495669954425,ASIAN_PAINTS
2022-12-20,2022-12-22,long,2942.7593536576496,2963.0443998082246,153,3103.612061037975,1355.3819614204183,1748.2300996175566,stop_loss,2,1652.2614671810557,ASIAN_PAINTS
2023-01-04,2023-01-05,long,2932.4330015930946,2915.926522303206,102,-1683.6608875686143,894.7990071561339,-2578.459894724748,stop_loss,1,1687.2260691734068,ASIAN_PAINTS
2023-01-05,2023-01-06,long,2932.4330015930946,2909.9518931533985,73,-1641.1209160978133,639.741145974741,-2280.862062072554,stop_loss,1,1635.6568712789121,ASIAN_PAINTS
2023-01-06,2023-01-09,long,2932.4330015930946,2867.788202869521,24,-1551.4751693657709,208.80796336065418,-1760.283132726425,stop_loss,3,1590.039630037461,ASIAN_PAINTS
2023-01-19,2023-01-20,long,2813.9089634281786,2762.4770844007535,30,-1542.9563708227533,250.93737215230195,-1793.8937429750554,stop_loss,1,1554.8339673829323,ASIAN_PAINTS
2023-03-01,2023-03-03,short,2770.3128152397558,2767.922923994806,899,2148.51222920998,7468.310894357807,-5319.798665147828,stop_loss,2,1518.9560925234314,ASIAN_PAINTS
2023-03-06,2023-03-09,short,2770.3128152397558,2788.3249541246496,44,-792.5341109353285,366.8700927780508,-1159.4042037133793,stop_loss,3,1412.5601192204747,ASIAN_PAINTS
2023-03-16,2023-03-17,short,2801.4009378070614,2817.4699272417483,87,-1398.002080817765,733.2626478888697,-2131.2647287066347,stop_loss,1,1389.3720351462073,ASIAN_PAINTS
2023-03-17,2023-03-27,short,2801.4009378070614,2735.5229651221593,34,2239.851071286669,282.38311904939025,1957.467952237279,stop_loss,10,1346.7467405720745,ASIAN_PAINTS
2023-05-02,2023-05-03,short,2815.0019354040287,2850.209973893392,39,-1373.1135010851722,331.41489669389915,-1704.5283977790714,stop_loss,1,1385.89609961682,ASIAN_PAINTS
2023-05-03,2023-05-04,short,2818.645152835569,2878.091860060474,22,-1307.827558947908,187.9923214255694,-1495.8198803734774,stop_loss,1,1351.8055316612388,ASIAN_PAINTS
2023-05-31,2023-06-01,short,3088.723968232792,3127.7208247906988,33,-1286.8962664109308,307.7140172546628,-1594.6102836655937,stop_loss,1,1321.8891340537693,ASIAN_PAINTS
2023-06-09,2023-06-13,short,3156.9238324989687,3131.9230976637514,121,3025.088915061302,1141.4257178245339,1883.6631972367682,stop_loss,4,1289.9969283804573,ASIAN_PAINTS
2023-06-13,2023-06-14,short,3156.9238324989687,3200.0391121373027,30,-1293.4583891500188,286.06333250863224,-1579.5217216586511,stop_loss,1,1327.6701923251926,ASIAN_PAINTS
2023-06-28,2023-06-30,short,3270.857510192927,3281.455601019423,123,-1303.5651716590069,1208.9017690186786,-2512.4669406776857,stop_loss,2,1296.0797578920196,ASIAN_PAINTS
2023-06-30,2023-07-04,short,3270.857510192927,3305.6114919861516,12,-417.04778151869687,118.37644203922342,-535.4242235579203,stop_loss,4,1245.8304190784659,ASIAN_PAINTS
2023-07-17,2023-07-18,short,3373.2027476142243,3396.6122963513385,52,-1217.2965343299365,528.0455734293139,-1745.3421077592504,stop_loss,1,1235.1219346073074,ASIAN_PAINTS
2023-08-21,2023-08-23,long,3110.3902400355205,3101.0635270777116,43,-401.04865718578367,400.63876797880346,-801.6874251645871,stop_loss,2,1200.2150924521225,ASIAN_PAINTS
2023-09-29,2023-10-04,long,3083.1534654833404,3092.261455162419,65,592.0193291401256,602.1029547629615,-10.083625622835939,stop_loss,5,1184.1813439488305,ASIAN_PAINTS
2023-10-09,2023-10-12,long,3065.4035475538785,3082.530848394211,697,11937.728685711601,6427.6654109637275,5510.063274747874,stop_loss,3,1183.979671436374,ASIAN_PAINTS
2023-10-13,2023-10-16,long,3065.4035475538785,3059.2551706786244,213,-1309.6042744291326,1956.8284604752846,-3266.432734904417,stop_loss,3,1294.1809369313314,ASIAN_PAINTS
2023-10-17,2023-10-18,long,3064.1320778731842,3023.607771027278,30,-1215.729205377188,273.9482932005208,-1489.6774985777088,stop_loss,1,1228.8522822332432,ASIAN_PAINTS
2023-10-23,2023-10-25,long,3028.3380418188976,2996.419938151041,37,-1180.96983571069,334.3740678883316,-1515.3439035990216,stop_loss,2,1199.0587322616889,ASIAN_PAINTS
2023-10-25,2023-10-26,long,3024.1327710272785,2984.6841403036456,29,-1144.0102909853558,261.3835356428952,-1405.393826628251,stop_loss,1,1168.7518541897084,ASIAN_PAINTS
2023-12-05,2023-12-06,short,3162.238853580644,3181.7697257012005,58,-1132.7905829922784,551.9287463975205,-1684.719329389799,stop_loss,1,1140.6439776571435,ASIAN_PAINTS
2023-12-15,2023-12-18,short,3232.482271551212,3258.8707388681255,42,-1108.3156273103732,408.95523965641826,-1517.2708669667913,stop_loss,3,1106.9495910693474,ASIAN_PAINTS
2023-12-18,2023-12-19,short,3232.482271551212,3268.129038601632,30,-1069.4030115126088,292.527508956878,-1361.930520469487,stop_loss,1,1076.6041737300116,ASIAN_PAINTS
2023-12-20,2023-12-22,short,3232.482271551212,3252.6498461328997,17,-342.8487678886936,165.37086900094488,-508.2196368896385,stop_loss,2,1049.3655633206217,ASIAN_PAINTS
