date,equity,trade_pnl,stock
2008-04-01,100000.0,,
2008-04-02,97642.46384953988,-2357.536150460112,ASIAN_PAINTS
2008-04-08,98210.70916550672,568.2453159668404,ASIAN_PAINTS
2008-04-25,97242.31435051128,-968.3948149954397,ASIAN_PAINTS
2008-04-29,94106.38626204862,-3135.928088462664,ASIAN_PAINTS
2008-04-30,91757.83325515228,-2348.553006896347,ASIAN_PAINTS
2008-06-23,93018.52676821809,1260.693513065812,ASIAN_PAINTS
2008-07-25,119791.54678146433,26773.020013246252,ASIAN_PAINTS
2008-08-13,116712.77333308727,-3078.773448377064,ASIAN_PAINTS
2008-09-29,116608.72584589178,-104.04748719549409,ASIAN_PAINTS
2008-10-03,119522.23700397275,2913.511158080977,ASIAN_PAINTS
2008-10-07,116931.64128680015,-2590.5957171726054,ASIAN_PAINTS
2008-10-20,116319.2502785014,-612.3910082987624,ASIAN_PAINTS
2008-11-03,118591.18342507878,2271.9331465773935,ASIAN_PAINTS
2009-01-16,115823.98863215804,-2767.194792920739,ASIAN_PAINTS
2009-01-21,114163.03792711251,-1660.9507050455236,ASIAN_PAINTS
2009-01-28,111671.5407779666,-2491.4971491459173,ASIAN_PAINTS
2009-01-29,109328.98545375673,-2342.5553242098626,ASIAN_PAINTS
2009-03-12,114201.40046168308,4872.415007926353,ASIAN_PAINTS
2009-03-20,128791.2088004711,14589.808338788018,ASIAN_PAINTS
2009-04-15,125843.41737325632,-2947.791427214779,ASIAN_PAINTS
2009-04-16,123204.46037411907,-2638.9569991372578,ASIAN_PAINTS
2009-05-14,119913.51893352957,-3290.941440589495,ASIAN_PAINTS
2009-05-15,116947.15799863805,-2966.3609348915184,ASIAN_PAINTS
2009-06-19,120893.28818262074,3946.130183982692,ASIAN_PAINTS
2009-06-30,117415.33787687146,-3477.950305749286,ASIAN_PAINTS
2009-07-02,115334.11591264523,-2081.2219642262417,ASIAN_PAINTS
2009-07-15,117090.03693185656,1755.9210192113387,ASIAN_PAINTS
2009-07-20,117205.86968117209,115.83274931551709,ASIAN_PAINTS
2009-07-23,113738.54611326838,-3467.3235679037075,ASIAN_PAINTS
2009-07-24,111088.6642397665,-2649.881873501887,ASIAN_PAINTS
2009-07-27,108590.74928162189,-2497.914958144609,ASIAN_PAINTS
2009-08-13,112935.682735197,4344.933453575106,ASIAN_PAINTS
2009-10-26,109582.34260533324,-3353.340129863759,ASIAN_PAINTS
2009-10-30,112311.64427475588,2729.301669422639,ASIAN_PAINTS
2009-11-09,114042.03170090119,1730.3874261453147,ASIAN_PAINTS
2009-12-16,111182.61542849155,-2859.416272409643,ASIAN_PAINTS
2009-12-17,108629.15839137524,-2553.457037116311,ASIAN_PAINTS
2010-01-12,107320.01391972878,-1309.1444716464662,ASIAN_PAINTS
2010-01-14,105022.01483726774,-2297.999082461042,ASIAN_PAINTS
2010-02-05,103466.03649291524,-1555.978344352497,ASIAN_PAINTS
2010-02-10,101544.55724176012,-1921.4792511551268,ASIAN_PAINTS
2010-02-22,107259.32989911933,5714.772657359214,ASIAN_PAINTS
2010-03-29,104873.17867670047,-2386.1512224188623,ASIAN_PAINTS
2010-03-31,103017.4188380067,-1855.7598386937618,ASIAN_PAINTS
2010-04-21,99192.40995017167,-3825.0088878350316,ASIAN_PAINTS
2010-04-23,99122.58070092274,-69.829249248922,ASIAN_PAINTS
2010-05-12,97813.45102737115,-1309.129673551599,ASIAN_PAINTS
2010-05-14,97531.76471415201,-281.6863132191338,ASIAN_PAINTS
2010-06-09,95157.50333320405,-2374.261380947968,ASIAN_PAINTS
2010-06-21,93048.85591204595,-2108.647421158091,ASIAN_PAINTS
2010-07-16,89991.13849145266,-3057.717420593299,ASIAN_PAINTS
2010-07-21,89245.33721350615,-745.8012779465118,ASIAN_PAINTS
2010-07-29,87170.45582479138,-2074.881388714767,ASIAN_PAINTS
2010-08-13,86354.3976564059,-816.0581683854853,ASIAN_PAINTS
2010-08-25,84741.91128082517,-1612.4863755807269,ASIAN_PAINTS
2010-09-06,81138.62252482006,-3603.2887560051076,ASIAN_PAINTS
2010-09-07,79139.18561772717,-1999.4369070928988,ASIAN_PAINTS
2010-09-15,77180.44084994767,-1958.7447677794944,ASIAN_PAINTS
2010-09-20,78203.45310228398,1023.0122523363093,ASIAN_PAINTS
2010-10-13,85762.52344346645,7559.070341182467,ASIAN_PAINTS
2010-10-19,83008.92338344497,-2753.6000600214816,ASIAN_PAINTS
2010-10-20,80464.03401132043,-2544.889372124535,ASIAN_PAINTS
2010-10-27,78519.12123453952,-1944.9127767809064,ASIAN_PAINTS
2010-11-03,79865.62999843617,1346.5087638966443,ASIAN_PAINTS
2010-12-03,86202.47266583434,6336.842667398169,ASIAN_PAINTS
2011-01-25,83552.85789107699,-2649.614774757349,ASIAN_PAINTS
2011-01-28,81228.27947654582,-2324.5784145311686,ASIAN_PAINTS
2011-01-31,79391.71395723769,-1836.5655193081375,ASIAN_PAINTS
2011-02-14,79222.46408127157,-169.249875966123,ASIAN_PAINTS
2011-02-25,77257.8071298827,-1964.656951388868,ASIAN_PAINTS
2011-02-28,75368.90770261861,-1888.899427264078,ASIAN_PAINTS
2011-03-07,76453.77677568338,1084.86907306476,ASIAN_PAINTS
2011-04-26,74545.69310710974,-1908.0836685736385,ASIAN_PAINTS
2011-05-17,70602.36428189285,-3943.3288252168895,ASIAN_PAINTS
2011-05-20,69110.99712759937,-1491.3671542934767,ASIAN_PAINTS
2011-05-23,67602.96559519172,-1508.0315324076546,ASIAN_PAINTS
2011-07-13,90972.82735219876,23369.861757007035,ASIAN_PAINTS
2011-08-08,89173.15787819291,-1799.6694740058383,ASIAN_PAINTS
2011-08-18,109403.45467919658,20230.296801003667,ASIAN_PAINTS
2011-08-23,106873.91220158622,-2529.5424776103614,ASIAN_PAINTS
2011-08-26,106358.0591992681,-515.8530023181199,ASIAN_PAINTS
2011-10-14,134588.75974745693,28230.700548188826,ASIAN_PAINTS
2011-10-18,135414.6179113697,825.8581639127668,ASIAN_PAINTS
2011-11-25,147046.2921810744,11631.674269704665,ASIAN_PAINTS
2011-12-07,146865.76778600147,-180.5243950729136,ASIAN_PAINTS
2011-12-16,144348.8423859112,-2516.92540009025,ASIAN_PAINTS
2011-12-19,141083.640682595,-3265.201703316205,ASIAN_PAINTS
2012-01-02,138871.87436949185,-2211.766313103146,ASIAN_PAINTS
2012-02-10,135138.32758959857,-3733.546779893273,ASIAN_PAINTS
2012-02-29,132017.33693029953,-3120.990659299031,ASIAN_PAINTS
2012-03-09,132687.1917784997,669.8548482001663,ASIAN_PAINTS
2012-03-21,137256.83473054593,4569.642952046241,ASIAN_PAINTS
2012-04-04,133743.40826779755,-3513.4264627483813,ASIAN_PAINTS
2012-04-12,136403.33255587798,2659.924288080424,ASIAN_PAINTS
2012-04-24,133336.21015563217,-3067.1224002458093,ASIAN_PAINTS
2012-05-04,130443.71493383379,-2892.4952217983846,ASIAN_PAINTS
2012-05-09,127938.30120498076,-2505.4137288530255,ASIAN_PAINTS
2012-05-16,124915.97351296229,-3022.3276920184776,ASIAN_PAINTS
2012-05-21,125073.90831763508,157.9348046727962,ASIAN_PAINTS
2012-05-29,122041.05048148107,-3032.8578361540194,ASIAN_PAINTS
2012-06-05,122010.3068522838,-30.743629197273236,ASIAN_PAINTS
2012-07-18,118379.89903089385,-3630.4078213899447,ASIAN_PAINTS
2012-07-23,115971.4297157778,-2408.4693151160523,ASIAN_PAINTS
2012-07-24,113285.396982895,-2686.0327328828025,ASIAN_PAINTS
2012-09-21,110688.82407543468,-2596.5729074603323,ASIAN_PAINTS
2012-09-28,110268.44564344925,-420.3784319854243,ASIAN_PAINTS
2012-10-12,112844.27896554569,2575.833322096437,ASIAN_PAINTS
2012-11-07,110303.48433677334,-2540.794628772349,ASIAN_PAINTS
2012-11-30,107940.74446402391,-2362.739872749423,ASIAN_PAINTS
2012-12-20,104972.04653217786,-2968.6979318460444,ASIAN_PAINTS
2012-12-26,105218.90906894945,246.86253677158436,ASIAN_PAINTS
2013-01-31,96954.32862544963,-8264.580443499814,ASIAN_PAINTS
2013-02-04,95014.16299044754,-1940.165635002089,ASIAN_PAINTS
2013-03-11,91283.75305072092,-3730.409939726632,ASIAN_PAINTS
2013-03-13,89282.88399252247,-2000.8690581984392,ASIAN_PAINTS
2013-03-25,88050.5448579231,-1232.339134599377,ASIAN_PAINTS
2013-06-13,82186.12803075352,-5864.416827169576,ASIAN_PAINTS
2013-06-20,89891.17586457929,7705.047833825761,ASIAN_PAINTS
2013-06-25,87675.43478452569,-2215.7410800536063,ASIAN_PAINTS
2013-07-18,85789.05154611936,-1886.383238406331,ASIAN_PAINTS
2013-08-12,85015.8588733039,-773.1926728154453,ASIAN_PAINTS
2013-08-27,85866.7242703336,850.8653970296903,ASIAN_PAINTS
2013-09-03,87113.06513470822,1246.340864374628,ASIAN_PAINTS
2013-09-20,85323.41534544449,-1789.6497892637328,ASIAN_PAINTS
2013-10-22,83529.34150518439,-1794.0738402600916,ASIAN_PAINTS
2013-11-01,81539.50130671175,-1989.8401984726409,ASIAN_PAINTS
2013-11-05,79681.46808409541,-1858.0332226163516,ASIAN_PAINTS
2014-01-09,81918.93867239328,2237.4705882978687,ASIAN_PAINTS
2014-01-22,79980.33188800044,-1938.6067843928477,ASIAN_PAINTS
2014-02-04,79372.38553432343,-607.9463536769995,ASIAN_PAINTS
2014-02-20,82624.14414264077,3251.7586083173305,ASIAN_PAINTS
2014-03-03,84431.40286117216,1807.2587185313955,ASIAN_PAINTS
2014-04-17,117925.652980591,33494.25011941883,ASIAN_PAINTS
2014-05-14,112739.90827542942,-5185.744705161573,ASIAN_PAINTS
2014-05-15,110105.96916391134,-2633.939111518071,ASIAN_PAINTS
2014-05-21,111950.30597572218,1844.33681181084,ASIAN_PAINTS
2014-06-18,109037.42856184366,-2912.877413878524,ASIAN_PAINTS
2014-06-19,106471.78312302486,-2565.6454388187954,ASIAN_PAINTS
2014-06-20,104001.75366252848,-2470.0294604963738,ASIAN_PAINTS
2014-07-04,103033.67642237486,-968.0772401536294,ASIAN_PAINTS
2014-07-14,105555.78982806334,2522.113405688472,ASIAN_PAINTS
2014-07-24,103152.11431797198,-2403.675510091362,ASIAN_PAINTS
2014-07-25,100919.38476878563,-2232.7295491863465,ASIAN_PAINTS
2014-08-13,119396.02588299045,18476.64111420482,ASIAN_PAINTS
2014-09-09,116867.24278095292,-2528.783102037533,ASIAN_PAINTS
2014-11-18,114225.10438457051,-2642.138396382404,ASIAN_PAINTS
2014-11-27,111143.64536592492,-3081.4590186455907,ASIAN_PAINTS
2014-11-28,108586.18832200686,-2557.457043918064,ASIAN_PAINTS
2014-12-11,113916.46572108901,5330.2773990821615,ASIAN_PAINTS
2015-01-09,111221.69614222832,-2694.76957886069,ASIAN_PAINTS
2015-01-13,109899.58856966671,-1322.1075725616095,ASIAN_PAINTS
2015-04-15,119098.32775567497,9198.739186008253,ASIAN_PAINTS
2015-04-27,115083.43410989163,-4014.8936457833315,ASIAN_PAINTS
2015-04-28,112602.71543029769,-2480.7186795939474,ASIAN_PAINTS
2015-04-30,111392.0148105387,-1210.700619758973,ASIAN_PAINTS
2015-06-11,120193.48112500172,8801.466314463014,ASIAN_PAINTS
2015-06-12,117615.27325380758,-2578.2078711941413,ASIAN_PAINTS
2015-07-16,114234.68415455123,-3380.5890992563527,ASIAN_PAINTS
2015-07-21,111682.61147793235,-2552.0726766188786,ASIAN_PAINTS
2015-07-23,110861.53235620458,-821.0791217277766,ASIAN_PAINTS
2015-08-03,108267.20598037375,-2594.326375830833,ASIAN_PAINTS
2015-09-02,105524.07038447083,-2743.1355959029197,ASIAN_PAINTS
2015-09-04,104192.63008807276,-1331.440296398072,ASIAN_PAINTS
2015-09-07,101865.49304473288,-2327.137043339884,ASIAN_PAINTS
2015-09-08,99648.73415000613,-2216.7588947267495,ASIAN_PAINTS
2015-10-19,93612.42259179089,-6036.311558215242,ASIAN_PAINTS
2015-10-28,104820.1700517047,11207.747459913813,ASIAN_PAINTS
2015-12-08,102043.48884756981,-2776.6812041348926,ASIAN_PAINTS
2015-12-11,102315.9505167852,272.4616692153881,ASIAN_PAINTS
2015-12-15,99156.33108819809,-3159.6194285871234,ASIAN_PAINTS
2015-12-16,95398.86186792266,-3757.469220275427,ASIAN_PAINTS
2015-12-18,94229.2503014326,-1169.611566490063,ASIAN_PAINTS
2015-12-22,92169.5894998973,-2059.6608015353104,ASIAN_PAINTS
2015-12-28,90412.82319971817,-1756.7663001791284,ASIAN_PAINTS
2016-01-05,87761.34338556851,-2651.479814149656,ASIAN_PAINTS
2016-01-06,85755.90799262095,-2005.435392947564,ASIAN_PAINTS
2016-01-11,85879.45123561149,123.54324299054107,ASIAN_PAINTS
2016-05-11,84427.56254442851,-1451.8886911829827,ASIAN_PAINTS
2016-05-12,82559.66339238088,-1867.8991520476231,ASIAN_PAINTS
2016-05-26,80544.66628954487,-2014.9971028360192,ASIAN_PAINTS
2016-06-03,78768.29225465374,-1776.374034891124,ASIAN_PAINTS
2016-07-12,73862.41781196641,-4905.8744426873345,ASIAN_PAINTS
2016-07-15,74503.84666818778,641.4288562213658,ASIAN_PAINTS
2016-07-21,73655.89123922538,-847.9554289623882,ASIAN_PAINTS
2016-07-22,71731.88089497696,-1924.0103442484206,ASIAN_PAINTS
2016-08-08,76852.50496497855,5120.624070001585,ASIAN_PAINTS
2016-08-12,79036.20617861782,2183.7012136392736,ASIAN_PAINTS
2016-08-19,85898.36522118092,6862.159042563102,ASIAN_PAINTS
2016-09-02,85006.23920287508,-892.1260183058429,ASIAN_PAINTS
2016-10-10,84958.03788772288,-48.20131515220305,ASIAN_PAINTS
2016-11-07,103537.32652336288,18579.288635639994,ASIAN_PAINTS
2016-11-11,102538.7064085783,-998.6201147845652,ASIAN_PAINTS
2016-12-22,100234.14518229941,-2304.56122627889,ASIAN_PAINTS
2016-12-26,99071.49186159138,-1162.65332070803,ASIAN_PAINTS
2017-01-25,96742.42972944846,-2329.0621321429217,ASIAN_PAINTS
2017-01-27,94189.02746118861,-2553.4022682598443,ASIAN_PAINTS
2017-02-01,93281.67500219506,-907.3524589935507,ASIAN_PAINTS
2017-02-06,91774.45196326436,-1507.22303893069,ASIAN_PAINTS
2017-02-08,89704.85610549993,-2069.595857764441,ASIAN_PAINTS
2017-02-10,88260.35990317173,-1444.4962023281964,ASIAN_PAINTS
2017-02-23,86155.24436164515,-2105.115541526582,ASIAN_PAINTS
2017-02-28,85138.4070922466,-1016.8372693985398,ASIAN_PAINTS
2017-03-16,83401.95957497745,-1736.4475172691668,ASIAN_PAINTS
2017-04-07,83244.6127200277,-157.3468549497503,ASIAN_PAINTS
2017-04-26,80148.73975687106,-3095.8729631566384,ASIAN_PAINTS
2017-04-28,79157.54411435698,-991.1956425140756,ASIAN_PAINTS
2017-07-25,85183.2026619133,6025.658547556322,ASIAN_PAINTS
2017-09-01,80321.97109500627,-4861.231566907025,ASIAN_PAINTS
2017-09-05,78718.50627349484,-1603.4648215114235,ASIAN_PAINTS
2017-09-12,76898.69203838689,-1819.8142351079646,ASIAN_PAINTS
2017-12-04,73368.6730336104,-3530.019004776488,ASIAN_PAINTS
2017-12-05,71598.63070093536,-1770.0423326750265,ASIAN_PAINTS
2018-01-09,69996.32118601658,-1602.3095149187823,ASIAN_PAINTS
2018-01-18,69282.54877327614,-713.7724127404422,ASIAN_PAINTS
2018-02-09,68581.63811831072,-700.9106549654191,ASIAN_PAINTS
2018-04-12,68766.76214180375,185.12402349303215,ASIAN_PAINTS
2018-04-16,67025.60534572994,-1741.1567960738062,ASIAN_PAINTS
2018-04-19,65687.51134944738,-1338.0939962825682,ASIAN_PAINTS
2018-04-30,63943.641949448094,-1743.8693999992834,ASIAN_PAINTS
2018-05-02,62433.49595309284,-1510.1459963552584,ASIAN_PAINTS
2018-05-11,60582.97896026787,-1850.5169928249702,ASIAN_PAINTS
2018-05-14,59350.25836426447,-1232.7205960034073,ASIAN_PAINTS
2018-07-06,57140.84773185339,-2209.4106324110758,ASIAN_PAINTS
2018-07-09,55545.2928545342,-1595.5548773191933,ASIAN_PAINTS
2018-07-18,54741.608655966214,-803.6841985679849,ASIAN_PAINTS
2018-07-19,53350.06247691478,-1391.5461790514278,ASIAN_PAINTS
2018-09-03,52073.50562705708,-1276.5568498577054,ASIAN_PAINTS
2018-09-04,50894.4104345416,-1179.0951925154802,ASIAN_PAINTS
2018-09-18,50676.551361035745,-217.85907350584972,ASIAN_PAINTS
2018-10-01,50699.106853635174,22.555492599426387,ASIAN_PAINTS
2018-10-09,49964.384911204295,-734.7219424308779,ASIAN_PAINTS
2018-10-10,48805.864373588316,-1158.5205376159784,ASIAN_PAINTS
2018-10-19,49978.46639670669,1172.602023118372,ASIAN_PAINTS
2018-10-26,49827.65929521293,-150.8071014937601,ASIAN_PAINTS
2018-11-14,49474.59855737433,-353.06073783859995,ASIAN_PAINTS
2018-11-26,50006.79142210048,532.1928647261514,ASIAN_PAINTS
2018-11-28,49346.29653235199,-660.4948897484926,ASIAN_PAINTS
2019-02-05,48691.83780275462,-654.4587295973694,ASIAN_PAINTS
2019-02-20,54786.98275189938,6095.1449491447565,ASIAN_PAINTS
2019-03-26,52943.40283422751,-1843.5799176718647,ASIAN_PAINTS
2019-05-14,52085.88262569503,-857.5202085324863,ASIAN_PAINTS
2019-07-11,51423.365103456774,-662.5175222382518,ASIAN_PAINTS
2019-07-25,50282.15363227558,-1141.2114711811926,ASIAN_PAINTS
2019-08-05,49053.96280984304,-1228.190822432537,ASIAN_PAINTS
2019-08-06,47723.87069296011,-1330.0921168829288,ASIAN_PAINTS
2019-08-07,46638.82572952185,-1085.0449634382605,ASIAN_PAINTS
2019-08-19,45542.47850739711,-1096.3472221247425,ASIAN_PAINTS
2019-08-30,44225.06421035315,-1317.414297043955,ASIAN_PAINTS
2019-09-09,48477.78251710815,4252.718306754997,ASIAN_PAINTS
2019-09-20,50209.04572999385,1731.2632128857015,ASIAN_PAINTS
2019-09-23,49179.14032085677,-1029.9054091370804,ASIAN_PAINTS
2019-10-17,49178.65057857105,-0.489742285725697,ASIAN_PAINTS
2019-10-25,52606.569812468486,3427.919233897441,ASIAN_PAINTS
2019-10-31,50892.27780030219,-1714.2920121662955,ASIAN_PAINTS
2019-11-05,52798.90301320766,1906.6252129054722,ASIAN_PAINTS
2020-01-16,51438.44249795365,-1360.4605152540112,ASIAN_PAINTS
2020-02-04,49885.90046461138,-1552.5420333422658,ASIAN_PAINTS
2020-02-11,49425.8909201465,-460.009544464884,ASIAN_PAINTS
2020-02-19,49932.36997960571,506.47905945921366,ASIAN_PAINTS
2020-03-17,67037.07887371237,17104.70889410665,ASIAN_PAINTS
2020-03-19,65659.79609851807,-1377.2827751942928,ASIAN_PAINTS
2020-05-27,70180.12464857468,4520.3285500566135,ASIAN_PAINTS
2020-06-30,70750.54973369448,570.4250851198055,ASIAN_PAINTS
2020-08-10,69044.30039960948,-1706.249334085009,ASIAN_PAINTS
2020-08-11,67459.70924539062,-1584.5911542188592,ASIAN_PAINTS
2020-08-13,66905.6017199007,-554.1075254899212,ASIAN_PAINTS
2020-08-18,65188.0389333407,-1717.562786560004,ASIAN_PAINTS
2020-08-19,63735.394262049,-1452.6446712917038,ASIAN_PAINTS
2020-09-11,62367.86842530913,-1367.5258367398694,ASIAN_PAINTS
2020-10-07,60871.05867415285,-1496.8097511562773,ASIAN_PAINTS
2020-10-20,67763.77390597382,6892.715231820969,ASIAN_PAINTS
2020-10-21,65761.29922682798,-2002.4746791458388,ASIAN_PAINTS
2020-10-23,65510.114599259054,-251.18462756892097,ASIAN_PAINTS
2020-10-28,64086.82012047833,-1423.294478780719,ASIAN_PAINTS
2020-11-06,62140.07143294855,-1946.748687529787,ASIAN_PAINTS
2020-11-09,59386.74127212137,-2753.330160827181,ASIAN_PAINTS
2020-11-13,65461.533222452344,6074.791950330971,ASIAN_PAINTS
2020-12-02,63831.82319639732,-1629.710026055019,ASIAN_PAINTS
2020-12-03,62456.9914438584,-1374.8317525389236,ASIAN_PAINTS
2020-12-29,61029.6900738536,-1427.3013700048016,ASIAN_PAINTS
2021-01-11,59684.67266512499,-1345.0174087286073,ASIAN_PAINTS
2021-02-12,63196.06782025907,3511.3951551340792,ASIAN_PAINTS
2021-02-25,62507.57135495923,-688.496465299839,ASIAN_PAINTS
2021-04-07,61192.694487943314,-1314.8768670159216,ASIAN_PAINTS
2021-04-23,66015.34820436782,4822.653716424503,ASIAN_PAINTS
2021-05-18,64811.5378664602,-1203.81033790762,ASIAN_PAINTS
2021-05-25,63279.93023805141,-1531.6076284087926,ASIAN_PAINTS
2021-05-26,61947.79263878756,-1332.1375992638482,ASIAN_PAINTS
2021-06-08,62647.35201637488,699.5593775873183,ASIAN_PAINTS
2021-06-17,61394.444337667126,-1252.9076787077552,ASIAN_PAINTS
2021-06-24,61683.21103969392,288.7667020267925,ASIAN_PAINTS
2021-07-29,62359.175618139794,675.9645784458793,ASIAN_PAINTS
2021-08-05,65790.31873959072,3431.143121450922,ASIAN_PAINTS
2021-09-01,64218.6206013663,-1571.6981382244119,ASIAN_PAINTS
2021-10-05,65994.58440933867,1775.9638079723604,ASIAN_PAINTS
2021-10-21,64323.79394145837,-1670.7904678802995,ASIAN_PAINTS
2021-10-22,63075.06271447844,-1248.7312269799293,ASIAN_PAINTS
2021-12-15,62807.48393350174,-267.57878097670107,ASIAN_PAINTS
2021-12-29,61215.14903158269,-1592.3349019190518,ASIAN_PAINTS
2022-02-03,94167.49314981309,32952.34411823041,ASIAN_PAINTS
2022-03-03,91435.75362176793,-2731.739528045164,ASIAN_PAINTS
2022-03-04,89605.7620160382,-1829.9916057297164,ASIAN_PAINTS
2022-04-29,87434.41570562182,-2171.346310416378,ASIAN_PAINTS
2022-05-10,92782.33321555777,5347.917509935946,ASIAN_PAINTS
2022-05-26,90844.88588520692,-1937.447330350835,ASIAN_PAINTS
2022-06-09,88245.38482691959,-2599.501058287342,ASIAN_PAINTS
2022-06-22,88194.10013840006,-51.28468851952991,ASIAN_PAINTS
2022-08-17,85397.47626843753,-2796.6238699625264,ASIAN_PAINTS
2022-10-04,93530.90565519127,8133.429386753728,ASIAN_PAINTS
2022-10-13,90982.58033619131,-2548.32531899995,ASIAN_PAINTS
2022-10-14,88720.86069619324,-2261.719639998075,ASIAN_PAINTS
2022-10-17,86634.10609612656,-2086.7546000666803,ASIAN_PAINTS
2022-10-21,84752.47834977212,-1881.62774635444,ASIAN_PAINTS
2022-12-08,82613.07335905278,-2139.4049907193394,ASIAN_PAINTS
2022-12-22,84361.30345867034,1748.2300996175566,ASIAN_PAINTS
2023-01-05,81782.8435639456,-2578.459894724748,ASIAN_PAINTS
2023-01-06,79501.98150187304,-2280.862062072554,ASIAN_PAINTS
2023-01-09,77741.69836914662,-1760.283132726425,ASIAN_PAINTS
2023-01-20,75947.80462617156,-1793.8937429750554,ASIAN_PAINTS
2023-03-03,70628.00596102374,-5319.798665147828,ASIAN_PAINTS
2023-03-09,69468.60175731036,-1159.4042037133793,ASIAN_PAINTS
2023-03-17,67337.33702860372,-2131.2647287066347,ASIAN_PAINTS
2023-03-27,69294.804980841,1957.467952237279,ASIAN_PAINTS
2023-05-03,67590.27658306193,-1704.5283977790714,ASIAN_PAINTS
2023-05-04,66094.45670268846,-1495.8198803734774,ASIAN_PAINTS
2023-06-01,64499.84641902287,-1594.6102836655937,ASIAN_PAINTS
2023-06-13,66383.50961625963,1883.6631972367682,ASIAN_PAINTS
2023-06-14,64803.98789460098,-1579.5217216586511,ASIAN_PAINTS
2023-06-30,62291.52095392329,-2512.4669406776857,ASIAN_PAINTS
2023-07-04,61756.09673036537,-535.4242235579203,ASIAN_PAINTS
2023-07-18,60010.75462260612,-1745.3421077592504,ASIAN_PAINTS
2023-08-23,59209.06719744153,-801.6874251645871,ASIAN_PAINTS
2023-10-04,59198.983571818695,-10.083625622835939,ASIAN_PAINTS
2023-10-12,64709.04684656657,5510.063274747874,ASIAN_PAINTS
2023-10-16,61442.61411166215,-3266.432734904417,ASIAN_PAINTS
2023-10-18,59952.93661308444,-1489.6774985777088,ASIAN_PAINTS
2023-10-25,58437.59270948542,-1515.3439035990216,ASIAN_PAINTS
2023-10-26,57032.19888285717,-1405.393826628251,ASIAN_PAINTS
2023-12-06,55347.47955346737,-1684.719329389799,ASIAN_PAINTS
2023-12-18,53830.20868650058,-1517.2708669667913,ASIAN_PAINTS
2023-12-19,52468.27816603109,-1361.930520469487,ASIAN_PAINTS
2023-12-22,51960.058529141446,-508.2196368896385,ASIAN_PAINTS
